[{"model": "users.usergroup", "pk": 1, "fields": {"name": "ALL", "comment": "Default usergroup for all user", "date_added": "2016-08-20T17:03:42.693Z", "created_by": "System"}}, {"model": "users.usergroup", "pk": 2, "fields": {"name": "Christopher Bowman", "comment": "Proin interdum mauris non ligula pellentesque ultrices.", "date_added": "2016-08-20T17:15:27.929Z", "created_by": "admin"}}, {"model": "users.usergroup", "pk": 3, "fields": {"name": "Kathy Chavez", "comment": "Etiam justo.", "date_added": "2016-08-20T17:15:27.941Z", "created_by": "admin"}}, {"model": "users.usergroup", "pk": 4, "fields": {"name": "Jimmy Kim", "comment": "Vivamus metus arcu, adipiscing molestie, hendrerit at, vulputate vitae, nisl.", "date_added": "2016-08-20T17:15:27.953Z", "created_by": "admin"}}, {"model": "users.usergroup", "pk": 5, "fields": {"name": "Doris Harper", "comment": "Nulla justo.", "date_added": "2016-08-20T17:15:27.963Z", "created_by": "admin"}}, {"model": "users.usergroup", "pk": 6, "fields": {"name": "Bonnie Alexander", "comment": "Morbi non quam nec dui luctus rutrum.", "date_added": "2016-08-20T17:15:27.975Z", "created_by": "admin"}}, {"model": "users.usergroup", "pk": 7, "fields": {"name": "Ronald Graham", "comment": "Nam nulla.", "date_added": "2016-08-20T17:15:27.987Z", "created_by": "admin"}}, {"model": "users.usergroup", "pk": 8, "fields": {"name": "Mildred Perez", "comment": "Phasellus id sapien in sapien iaculis congue.", "date_added": "2016-08-20T17:15:28.000Z", "created_by": "admin"}}, {"model": "users.usergroup", "pk": 9, "fields": {"name": "Betty Patterson", "comment": "Cras pellentesque volutpat dui.", "date_added": "2016-08-20T17:15:28.014Z", "created_by": "admin"}}, {"model": "users.usergroup", "pk": 10, "fields": {"name": "Jane Gomez", "comment": "Morbi quis tortor id nulla ultrices aliquet.", "date_added": "2016-08-20T17:15:28.023Z", "created_by": "admin"}}, {"model": "users.usergroup", "pk": 11, "fields": {"name": "Jacqueline Hanson", "comment": "Nulla mollis molestie lorem.", "date_added": "2016-08-20T17:15:28.035Z", "created_by": "admin"}}, {"model": "users.usergroup", "pk": 12, "fields": {"name": "Rebecca Webb", "comment": "Morbi a ipsum.", "date_added": "2016-08-20T17:15:28.045Z", "created_by": "admin"}}, {"model": "users.usergroup", "pk": 13, "fields": {"name": "Linda Nichols", "comment": "Sed ante.", "date_added": "2016-08-20T17:15:28.055Z", "created_by": "admin"}}, {"model": "users.usergroup", "pk": 14, "fields": {"name": "Paula Bailey", "comment": "Praesent blandit.", "date_added": "2016-08-20T17:15:28.066Z", "created_by": "admin"}}, {"model": "users.usergroup", "pk": 15, "fields": {"name": "Carol Coleman", "comment": "Fusce consequat.", "date_added": "2016-08-20T17:15:28.077Z", "created_by": "admin"}}, {"model": "users.usergroup", "pk": 16, "fields": {"name": "Ashley Ramirez", "comment": "Etiam faucibus cursus urna.", "date_added": "2016-08-20T17:15:28.086Z", "created_by": "admin"}}, {"model": "users.usergroup", "pk": 17, "fields": {"name": "Roy Arnold", "comment": "Fusce lacus purus, aliquet at, feugiat non, pretium quis, lectus.", "date_added": "2016-08-20T17:15:28.097Z", "created_by": "admin"}}, {"model": "users.usergroup", "pk": 18, "fields": {"name": "Rebecca Stewart", "comment": "Curabitur at ipsum ac tellus semper interdum.", "date_added": "2016-08-20T17:15:28.106Z", "created_by": "admin"}}, {"model": "users.usergroup", "pk": 19, "fields": {"name": "Willie Little", "comment": "Praesent blandit.", "date_added": "2016-08-20T17:15:28.120Z", "created_by": "admin"}}, {"model": "users.usergroup", "pk": 20, "fields": {"name": "Kimberly Hart", "comment": "Nullam orci pede, venenatis non, sodales sed, tincidunt eu, felis.", "date_added": "2016-08-20T17:15:28.129Z", "created_by": "admin"}}, {"model": "users.usergroup", "pk": 21, "fields": {"name": "Lisa Mitchell", "comment": "Ut tellus.", "date_added": "2016-08-20T17:15:28.140Z", "created_by": "admin"}}, {"model": "users.usergroup", "pk": 22, "fields": {"name": "Marilyn Williams", "comment": "Nulla suscipit ligula in lacus.", "date_added": "2016-08-20T17:15:28.149Z", "created_by": "admin"}}, {"model": "users.usergroup", "pk": 23, "fields": {"name": "Lillian Smith", "comment": "Curabitur in libero ut massa volutpat convallis.", "date_added": "2016-08-20T17:15:28.161Z", "created_by": "admin"}}, {"model": "users.usergroup", "pk": 24, "fields": {"name": "Victor White", "comment": "Duis at velit eu est congue elementum.", "date_added": "2016-08-20T17:15:28.173Z", "created_by": "admin"}}, {"model": "users.usergroup", "pk": 25, "fields": {"name": "Diana Stevens", "comment": "Vestibulum sed magna at nunc commodo placerat.", "date_added": "2016-08-20T17:15:28.184Z", "created_by": "admin"}}, {"model": "users.usergroup", "pk": 26, "fields": {"name": "Robin Fox", "comment": "Morbi quis tortor id nulla ultrices aliquet.", "date_added": "2016-08-20T17:15:28.193Z", "created_by": "admin"}}, {"model": "users.usergroup", "pk": 27, "fields": {"name": "Pamela Bryant", "comment": "Nullam porttitor lacus at turpis.", "date_added": "2016-08-20T17:15:28.204Z", "created_by": "admin"}}, {"model": "users.usergroup", "pk": 28, "fields": {"name": "Arthur Robinson", "comment": "Aliquam non mauris.", "date_added": "2016-08-20T17:15:28.216Z", "created_by": "admin"}}, {"model": "users.usergroup", "pk": 29, "fields": {"name": "Julia Griffin", "comment": "Morbi quis tortor id nulla ultrices aliquet.", "date_added": "2016-08-20T17:15:28.225Z", "created_by": "admin"}}, {"model": "users.usergroup", "pk": 30, "fields": {"name": "Amy Lawson", "comment": "Nullam sit amet turpis elementum ligula vehicula consequat.", "date_added": "2016-08-20T17:15:28.236Z", "created_by": "admin"}}, {"model": "users.usergroup", "pk": 31, "fields": {"name": "Doris Chapman", "comment": "Suspendisse ornare consequat lectus.", "date_added": "2016-08-20T17:15:28.248Z", "created_by": "admin"}}, {"model": "users.usergroup", "pk": 32, "fields": {"name": "Doris Cruz", "comment": "Nullam molestie nibh in lectus.", "date_added": "2016-08-20T17:15:28.260Z", "created_by": "admin"}}, {"model": "users.usergroup", "pk": 33, "fields": {"name": "Elizabeth Gonzalez", "comment": "Nullam orci pede, venenatis non, sodales sed, tincidunt eu, felis.", "date_added": "2016-08-20T17:15:28.271Z", "created_by": "admin"}}, {"model": "users.usergroup", "pk": 34, "fields": {"name": "Michelle Gray", "comment": "Proin at turpis a pede posuere nonummy.", "date_added": "2016-08-20T17:15:28.284Z", "created_by": "admin"}}, {"model": "users.usergroup", "pk": 35, "fields": {"name": "Gloria Gardner", "comment": "Proin interdum mauris non ligula pellentesque ultrices.", "date_added": "2016-08-20T17:15:28.295Z", "created_by": "admin"}}, {"model": "users.usergroup", "pk": 36, "fields": {"name": "Alice Wallace", "comment": "Vestibulum ac est lacinia nisi venenatis tristique.", "date_added": "2016-08-20T17:15:28.306Z", "created_by": "admin"}}, {"model": "users.usergroup", "pk": 37, "fields": {"name": "Kimberly Lee", "comment": "Duis ac nibh.", "date_added": "2016-08-20T17:15:28.316Z", "created_by": "admin"}}, {"model": "users.usergroup", "pk": 38, "fields": {"name": "Mildred Wheeler", "comment": "Vivamus vestibulum sagittis sapien.", "date_added": "2016-08-20T17:15:28.327Z", "created_by": "admin"}}, {"model": "users.usergroup", "pk": 39, "fields": {"name": "Anne Young", "comment": "Sed ante.", "date_added": "2016-08-20T17:15:28.336Z", "created_by": "admin"}}, {"model": "users.usergroup", "pk": 40, "fields": {"name": "Robin Alvarez", "comment": "Vestibulum ac est lacinia nisi venenatis tristique.", "date_added": "2016-08-20T17:15:28.347Z", "created_by": "admin"}}, {"model": "users.usergroup", "pk": 41, "fields": {"name": "Cynthia Davis", "comment": "Curabitur convallis.", "date_added": "2016-08-20T17:15:28.358Z", "created_by": "admin"}}, {"model": "users.usergroup", "pk": 42, "fields": {"name": "Karen Cook", "comment": "Nam ultrices, libero non mattis pulvinar, nulla pede ullamcorper augue, a suscipit nulla elit ac nulla.", "date_added": "2016-08-20T17:15:28.371Z", "created_by": "admin"}}, {"model": "users.usergroup", "pk": 43, "fields": {"name": "Irene Allen", "comment": "Vivamus in felis eu sapien cursus vestibulum.", "date_added": "2016-08-20T17:15:28.380Z", "created_by": "admin"}}, {"model": "users.usergroup", "pk": 44, "fields": {"name": "Kimberly Rose", "comment": "Nulla suscipit ligula in lacus.", "date_added": "2016-08-20T17:15:28.392Z", "created_by": "admin"}}, {"model": "users.usergroup", "pk": 45, "fields": {"name": "Lois Kim", "comment": "Morbi vel lectus in quam fringilla rhoncus.", "date_added": "2016-08-20T17:15:28.403Z", "created_by": "admin"}}, {"model": "users.usergroup", "pk": 46, "fields": {"name": "Karen Johnston", "comment": "Cras mi pede, malesuada in, imperdiet et, commodo vulputate, justo.", "date_added": "2016-08-20T17:15:28.412Z", "created_by": "admin"}}, {"model": "users.usergroup", "pk": 47, "fields": {"name": "Deborah Allen", "comment": "Nullam varius.", "date_added": "2016-08-20T17:15:28.424Z", "created_by": "admin"}}, {"model": "users.usergroup", "pk": 48, "fields": {"name": "Heather Stone", "comment": "Cum sociis natoque penatibus et magnis dis parturient montes, nascetur ridiculus mus.", "date_added": "2016-08-20T17:15:28.437Z", "created_by": "admin"}}, {"model": "users.usergroup", "pk": 49, "fields": {"name": "Debra Stevens", "comment": "Donec odio justo, sollicitudin ut, suscipit a, feugiat et, eros.", "date_added": "2016-08-20T17:15:28.451Z", "created_by": "admin"}}, {"model": "users.usergroup", "pk": 50, "fields": {"name": "Emily Owens", "comment": "Donec posuere metus vitae ipsum.", "date_added": "2016-08-20T17:15:28.461Z", "created_by": "admin"}}, {"model": "users.usergroup", "pk": 51, "fields": {"name": "Lori Peterson", "comment": "Aenean lectus.", "date_added": "2016-08-20T17:15:28.472Z", "created_by": "admin"}}, {"model": "users.usergroup", "pk": 52, "fields": {"name": "Teresa James", "comment": "Donec quis orci eget orci vehicula condimentum.", "date_added": "2016-08-20T17:15:28.484Z", "created_by": "admin"}}, {"model": "users.usergroup", "pk": 53, "fields": {"name": "Ruth Mccoy", "comment": "Vestibulum quam sapien, varius ut, blandit non, interdum in, ante.", "date_added": "2016-08-20T17:15:28.497Z", "created_by": "admin"}}, {"model": "users.usergroup", "pk": 54, "fields": {"name": "Jennifer Romero", "comment": "Phasellus sit amet erat.", "date_added": "2016-08-20T17:15:28.506Z", "created_by": "admin"}}, {"model": "users.usergroup", "pk": 55, "fields": {"name": "Kathryn Fox", "comment": "Nulla nisl.", "date_added": "2016-08-20T17:15:28.518Z", "created_by": "admin"}}, {"model": "users.usergroup", "pk": 56, "fields": {"name": "Pamela Howell", "comment": "In hac habitasse platea dictumst.", "date_added": "2016-08-20T17:15:28.530Z", "created_by": "admin"}}, {"model": "users.usergroup", "pk": 57, "fields": {"name": "Kathryn Carpenter", "comment": "Ut tellus.", "date_added": "2016-08-20T17:15:28.539Z", "created_by": "admin"}}, {"model": "users.usergroup", "pk": 58, "fields": {"name": "Theresa Bell", "comment": "Pellentesque eget nunc.", "date_added": "2016-08-20T17:15:28.551Z", "created_by": "admin"}}, {"model": "users.usergroup", "pk": 59, "fields": {"name": "Bonnie Hernandez", "comment": "Morbi non lectus.", "date_added": "2016-08-20T17:15:28.564Z", "created_by": "admin"}}, {"model": "users.usergroup", "pk": 60, "fields": {"name": "Louise Garrett", "comment": "Morbi vestibulum, velit id pretium iaculis, diam erat fermentum justo, nec condimentum neque sapien placerat ante.", "date_added": "2016-08-20T17:15:28.581Z", "created_by": "admin"}}, {"model": "users.usergroup", "pk": 61, "fields": {"name": "Norma Freeman", "comment": "Nam congue, risus semper porta volutpat, quam pede lobortis ligula, sit amet eleifend pede libero quis orci.", "date_added": "2016-08-20T17:15:28.596Z", "created_by": "admin"}}, {"model": "users.usergroup", "pk": 62, "fields": {"name": "Rebecca Montgomery", "comment": "Mauris ullamcorper purus sit amet nulla.", "date_added": "2016-08-20T17:15:28.611Z", "created_by": "admin"}}, {"model": "users.usergroup", "pk": 63, "fields": {"name": "Rebecca White", "comment": "Curabitur gravida nisi at nibh.", "date_added": "2016-08-20T17:15:28.624Z", "created_by": "admin"}}, {"model": "users.usergroup", "pk": 64, "fields": {"name": "Sarah Bryant", "comment": "In est risus, auctor sed, tristique in, tempus sit amet, sem.", "date_added": "2016-08-20T17:15:28.636Z", "created_by": "admin"}}, {"model": "users.usergroup", "pk": 65, "fields": {"name": "Shirley Hanson", "comment": "Duis mattis egestas metus.", "date_added": "2016-08-20T17:15:28.646Z", "created_by": "admin"}}, {"model": "users.usergroup", "pk": 66, "fields": {"name": "Tammy Hicks", "comment": "Phasellus id sapien in sapien iaculis congue.", "date_added": "2016-08-20T17:15:28.657Z", "created_by": "admin"}}, {"model": "users.usergroup", "pk": 67, "fields": {"name": "Karen Reynolds", "comment": "Etiam faucibus cursus urna.", "date_added": "2016-08-20T17:15:28.669Z", "created_by": "admin"}}, {"model": "users.usergroup", "pk": 68, "fields": {"name": "Julie Johnson", "comment": "In eleifend quam a odio.", "date_added": "2016-08-20T17:15:28.678Z", "created_by": "admin"}}, {"model": "users.usergroup", "pk": 69, "fields": {"name": "Catherine Murray", "comment": "Morbi non lectus.", "date_added": "2016-08-20T17:15:28.689Z", "created_by": "admin"}}, {"model": "users.usergroup", "pk": 70, "fields": {"name": "Doris Hunt", "comment": "Praesent blandit.", "date_added": "2016-08-20T17:15:28.701Z", "created_by": "admin"}}, {"model": "users.usergroup", "pk": 71, "fields": {"name": "Julie Larson", "comment": "Morbi a ipsum.", "date_added": "2016-08-20T17:15:28.710Z", "created_by": "admin"}}, {"model": "users.usergroup", "pk": 72, "fields": {"name": "Melissa Lawson", "comment": "Integer pede justo, lacinia eget, tincidunt eget, tempus vel, pede.", "date_added": "2016-08-20T17:15:28.722Z", "created_by": "admin"}}, {"model": "users.usergroup", "pk": 73, "fields": {"name": "Judy Baker", "comment": "Curabitur convallis.", "date_added": "2016-08-20T17:15:28.733Z", "created_by": "admin"}}, {"model": "users.usergroup", "pk": 74, "fields": {"name": "Ashley Reed", "comment": "In hac habitasse platea dictumst.", "date_added": "2016-08-20T17:15:28.744Z", "created_by": "admin"}}, {"model": "users.usergroup", "pk": 75, "fields": {"name": "Katherine Robinson", "comment": "Aliquam quis turpis eget elit sodales scelerisque.", "date_added": "2016-08-20T17:15:28.756Z", "created_by": "admin"}}, {"model": "users.usergroup", "pk": 76, "fields": {"name": "Robin Hicks", "comment": "Proin at turpis a pede posuere nonummy.", "date_added": "2016-08-20T17:15:28.768Z", "created_by": "admin"}}, {"model": "users.usergroup", "pk": 77, "fields": {"name": "Ann Cole", "comment": "Vivamus in felis eu sapien cursus vestibulum.", "date_added": "2016-08-20T17:15:28.780Z", "created_by": "admin"}}, {"model": "users.usergroup", "pk": 78, "fields": {"name": "Rose Ray", "comment": "Morbi non quam nec dui luctus rutrum.", "date_added": "2016-08-20T17:15:28.790Z", "created_by": "admin"}}, {"model": "users.usergroup", "pk": 79, "fields": {"name": "Emily Burns", "comment": "Sed accumsan felis.", "date_added": "2016-08-20T17:15:28.801Z", "created_by": "admin"}}, {"model": "users.usergroup", "pk": 80, "fields": {"name": "Brenda Hughes", "comment": "Aenean fermentum.", "date_added": "2016-08-20T17:15:28.810Z", "created_by": "admin"}}, {"model": "users.usergroup", "pk": 81, "fields": {"name": "Annie Rice", "comment": "Vestibulum ante ipsum primis in faucibus orci luctus et ultrices posuere cubilia Curae; Donec pharetra, magna vestibulum aliquet ultrices, erat tortor sollicitudin mi, sit amet lobortis sapien sapien non mi.", "date_added": "2016-08-20T17:15:28.824Z", "created_by": "admin"}}, {"model": "users.usergroup", "pk": 82, "fields": {"name": "Angela Clark", "comment": "Donec semper sapien a libero.", "date_added": "2016-08-20T17:15:28.833Z", "created_by": "admin"}}, {"model": "users.usergroup", "pk": 83, "fields": {"name": "Jane Gonzales", "comment": "Mauris ullamcorper purus sit amet nulla.", "date_added": "2016-08-20T17:15:28.844Z", "created_by": "admin"}}, {"model": "users.usergroup", "pk": 84, "fields": {"name": "Teresa Ortiz", "comment": "Integer ac leo.", "date_added": "2016-08-20T17:15:28.857Z", "created_by": "admin"}}, {"model": "users.usergroup", "pk": 85, "fields": {"name": "Mary Hart", "comment": "Vestibulum ante ipsum primis in faucibus orci luctus et ultrices posuere cubilia Curae; Nulla dapibus dolor vel est.", "date_added": "2016-08-20T17:15:28.870Z", "created_by": "admin"}}, {"model": "users.usergroup", "pk": 86, "fields": {"name": "Jessica Fowler", "comment": "Fusce consequat.", "date_added": "2016-08-20T17:15:28.879Z", "created_by": "admin"}}, {"model": "users.usergroup", "pk": 87, "fields": {"name": "Louise George", "comment": "Praesent blandit.", "date_added": "2016-08-20T17:15:28.892Z", "created_by": "admin"}}, {"model": "users.usergroup", "pk": 88, "fields": {"name": "Cheryl Clark", "comment": "Nulla suscipit ligula in lacus.", "date_added": "2016-08-20T17:15:28.905Z", "created_by": "admin"}}, {"model": "users.usergroup", "pk": 89, "fields": {"name": "Angela Chavez", "comment": "Fusce lacus purus, aliquet at, feugiat non, pretium quis, lectus.", "date_added": "2016-08-20T17:15:28.918Z", "created_by": "admin"}}, {"model": "users.usergroup", "pk": 90, "fields": {"name": "Joan Peters", "comment": "Mauris sit amet eros.", "date_added": "2016-08-20T17:15:28.929Z", "created_by": "admin"}}, {"model": "users.usergroup", "pk": 91, "fields": {"name": "Lisa Stevens", "comment": "Vivamus tortor.", "date_added": "2016-08-20T17:15:28.941Z", "created_by": "admin"}}, {"model": "users.usergroup", "pk": 92, "fields": {"name": "Martha Webb", "comment": "Maecenas tincidunt lacus at velit.", "date_added": "2016-08-20T17:15:28.954Z", "created_by": "admin"}}, {"model": "users.usergroup", "pk": 93, "fields": {"name": "Doris Smith", "comment": "In hac habitasse platea dictumst.", "date_added": "2016-08-20T17:15:28.967Z", "created_by": "admin"}}, {"model": "users.usergroup", "pk": 94, "fields": {"name": "Ruth Arnold", "comment": "Nulla tellus.", "date_added": "2016-08-20T17:15:28.979Z", "created_by": "admin"}}, {"model": "users.usergroup", "pk": 95, "fields": {"name": "Kenneth Patterson", "comment": "Duis bibendum, felis sed interdum venenatis, turpis enim blandit mi, in porttitor pede justo eu massa.", "date_added": "2016-08-20T17:15:28.988Z", "created_by": "admin"}}, {"model": "users.usergroup", "pk": 96, "fields": {"name": "Amanda Dean", "comment": "Cras pellentesque volutpat dui.", "date_added": "2016-08-20T17:15:29.000Z", "created_by": "admin"}}, {"model": "users.usergroup", "pk": 97, "fields": {"name": "Joyce Henry", "comment": "Donec quis orci eget orci vehicula condimentum.", "date_added": "2016-08-20T17:15:29.013Z", "created_by": "admin"}}, {"model": "users.usergroup", "pk": 98, "fields": {"name": "Anna Hansen", "comment": "Vivamus vel nulla eget eros elementum pellentesque.", "date_added": "2016-08-20T17:15:29.022Z", "created_by": "admin"}}, {"model": "users.usergroup", "pk": 99, "fields": {"name": "Anna Fernandez", "comment": "Ut tellus.", "date_added": "2016-08-20T17:15:29.033Z", "created_by": "admin"}}, {"model": "users.usergroup", "pk": 100, "fields": {"name": "Andrea Rivera", "comment": "Aliquam quis turpis eget elit sodales scelerisque.", "date_added": "2016-08-20T17:15:29.045Z", "created_by": "admin"}}, {"model": "users.usergroup", "pk": 101, "fields": {"name": "Rebecca Black", "comment": "Morbi vestibulum, velit id pretium iaculis, diam erat fermentum justo, nec condimentum neque sapien placerat ante.", "date_added": "2016-08-20T17:15:29.057Z", "created_by": "admin"}}, {"model": "contenttypes.contenttype", "pk": 1, "fields": {"app_label": "users", "model": "role"}}, {"model": "contenttypes.contenttype", "pk": 2, "fields": {"app_label": "users", "model": "user"}}, {"model": "contenttypes.contenttype", "pk": 3, "fields": {"app_label": "users", "model": "usergroup"}}, {"model": "contenttypes.contenttype", "pk": 4, "fields": {"app_label": "assets", "model": "assetgroup"}}, {"model": "contenttypes.contenttype", "pk": 5, "fields": {"app_label": "assets", "model": "idc"}}, {"model": "contenttypes.contenttype", "pk": 6, "fields": {"app_label": "assets", "model": "asset"}}, {"model": "contenttypes.contenttype", "pk": 7, "fields": {"app_label": "assets", "model": "assetextend"}}, {"model": "contenttypes.contenttype", "pk": 8, "fields": {"app_label": "auth", "model": "group"}}, {"model": "contenttypes.contenttype", "pk": 9, "fields": {"app_label": "auth", "model": "permission"}}, {"model": "contenttypes.contenttype", "pk": 10, "fields": {"app_label": "contenttypes", "model": "contenttype"}}, {"model": "contenttypes.contenttype", "pk": 11, "fields": {"app_label": "sessions", "model": "session"}}, {"model": "auth.permission", "pk": 1, "fields": {"name": "Can add role", "content_type": 1, "codename": "add_role"}}, {"model": "auth.permission", "pk": 2, "fields": {"name": "Can change role", "content_type": 1, "codename": "change_role"}}, {"model": "auth.permission", "pk": 3, "fields": {"name": "Can delete role", "content_type": 1, "codename": "delete_role"}}, {"model": "auth.permission", "pk": 4, "fields": {"name": "Can add user", "content_type": 2, "codename": "add_user"}}, {"model": "auth.permission", "pk": 5, "fields": {"name": "Can change user", "content_type": 2, "codename": "change_user"}}, {"model": "auth.permission", "pk": 6, "fields": {"name": "Can delete user", "content_type": 2, "codename": "delete_user"}}, {"model": "auth.permission", "pk": 7, "fields": {"name": "Can add user group", "content_type": 3, "codename": "add_usergroup"}}, {"model": "auth.permission", "pk": 8, "fields": {"name": "Can change user group", "content_type": 3, "codename": "change_usergroup"}}, {"model": "auth.permission", "pk": 9, "fields": {"name": "Can delete user group", "content_type": 3, "codename": "delete_usergroup"}}, {"model": "auth.permission", "pk": 10, "fields": {"name": "Can add asset group", "content_type": 4, "codename": "add_assetgroup"}}, {"model": "auth.permission", "pk": 11, "fields": {"name": "Can change asset group", "content_type": 4, "codename": "change_assetgroup"}}, {"model": "auth.permission", "pk": 12, "fields": {"name": "Can delete asset group", "content_type": 4, "codename": "delete_assetgroup"}}, {"model": "auth.permission", "pk": 13, "fields": {"name": "Can add IDC\u673a\u623f", "content_type": 5, "codename": "add_idc"}}, {"model": "auth.permission", "pk": 14, "fields": {"name": "Can change IDC\u673a\u623f", "content_type": 5, "codename": "change_idc"}}, {"model": "auth.permission", "pk": 15, "fields": {"name": "Can delete IDC\u673a\u623f", "content_type": 5, "codename": "delete_idc"}}, {"model": "auth.permission", "pk": 16, "fields": {"name": "Can add asset", "content_type": 6, "codename": "add_asset"}}, {"model": "auth.permission", "pk": 17, "fields": {"name": "Can change asset", "content_type": 6, "codename": "change_asset"}}, {"model": "auth.permission", "pk": 18, "fields": {"name": "Can delete asset", "content_type": 6, "codename": "delete_asset"}}, {"model": "auth.permission", "pk": 19, "fields": {"name": "Can add asset extend", "content_type": 7, "codename": "add_assetextend"}}, {"model": "auth.permission", "pk": 20, "fields": {"name": "Can change asset extend", "content_type": 7, "codename": "change_assetextend"}}, {"model": "auth.permission", "pk": 21, "fields": {"name": "Can delete asset extend", "content_type": 7, "codename": "delete_assetextend"}}, {"model": "auth.permission", "pk": 22, "fields": {"name": "Can add group", "content_type": 8, "codename": "add_group"}}, {"model": "auth.permission", "pk": 23, "fields": {"name": "Can change group", "content_type": 8, "codename": "change_group"}}, {"model": "auth.permission", "pk": 24, "fields": {"name": "Can delete group", "content_type": 8, "codename": "delete_group"}}, {"model": "auth.permission", "pk": 25, "fields": {"name": "Can add permission", "content_type": 9, "codename": "add_permission"}}, {"model": "auth.permission", "pk": 26, "fields": {"name": "Can change permission", "content_type": 9, "codename": "change_permission"}}, {"model": "auth.permission", "pk": 27, "fields": {"name": "Can delete permission", "content_type": 9, "codename": "delete_permission"}}, {"model": "auth.permission", "pk": 28, "fields": {"name": "Can add content type", "content_type": 10, "codename": "add_contenttype"}}, {"model": "auth.permission", "pk": 29, "fields": {"name": "Can change content type", "content_type": 10, "codename": "change_contenttype"}}, {"model": "auth.permission", "pk": 30, "fields": {"name": "Can delete content type", "content_type": 10, "codename": "delete_contenttype"}}, {"model": "auth.permission", "pk": 31, "fields": {"name": "Can add session", "content_type": 11, "codename": "add_session"}}, {"model": "auth.permission", "pk": 32, "fields": {"name": "Can change session", "content_type": 11, "codename": "change_session"}}, {"model": "auth.permission", "pk": 33, "fields": {"name": "Can delete session", "content_type": 11, "codename": "delete_session"}}, {"model": "users.user", "pk": 1, "fields": {"password": "pbkdf2_sha256$30000$xZUhPadgI8rs$n2rm5futcOv7Ww4b4BflN8K90Vk3u7ozfnOS7GQq0ns=", "last_login": null, "is_superuser": false, "first_name": "", "last_name": "", "is_staff": false, "is_active": true, "date_joined": "2016-08-20T17:03:42.752Z", "username": "admin", "name": "Administrator", "email": "admin@jumpserver.org", "avatar": "", "wechat": "", "phone": "", "enable_otp": false, "secret_key_otp": "", "role": 1, "private_key": "", "public_key": "", "comment": "Administrator is the super user of system", "date_expired": "2086-08-03T17:03:42.753Z", "created_by": "System", "user_permissions": [], "groups": [1]}}, {"model": "users.user", "pk": 2, "fields": {"password": "pbkdf2_sha256$30000$joL3017SOYUs$Be2dVPLzCZdLH/lHxgENEKJ8SpmHiiCd0XRntZDgNS0=", "last_login": null, "is_superuser": false, "first_name": "", "last_name": "", "is_staff": false, "is_active": true, "date_joined": "2016-08-20T17:15:29.112Z", "username": "patricia91", "name": "Martha Daniels", "email": "debra@tagpad.net", "avatar": "", "wechat": "joan80", "phone": "", "enable_otp": false, "secret_key_otp": "", "role": 3, "private_key": "", "public_key": "", "comment": "Phasellus sit amet erat.", "date_expired": "2086-08-03T17:15:29.112Z", "created_by": "admin", "user_permissions": [], "groups": [31]}}, {"model": "users.user", "pk": 3, "fields": {"password": "pbkdf2_sha256$30000$ioa9DlPFb2rU$yAa+17NE4HVJmRa7rsh9ftXEowrXzWWx7f+XXNia6Uc=", "last_login": null, "is_superuser": false, "first_name": "", "last_name": "", "is_staff": false, "is_active": true, "date_joined": "2016-08-20T17:15:29.199Z", "username": "jean84", "name": "Carolyn Coleman", "email": "carolyn@meedoo.edu", "avatar": "", "wechat": "catherine65", "phone": "", "enable_otp": false, "secret_key_otp": "", "role": 3, "private_key": "", "public_key": "", "comment": "Maecenas tincidunt lacus at velit.", "date_expired": "2086-08-03T17:15:29.199Z", "created_by": "patricia91", "user_permissions": [], "groups": [96]}}, {"model": "users.user", "pk": 4, "fields": {"password": "pbkdf2_sha256$30000$HkZ3BA2vzWSY$ubE4ilNIa7NrR4qPFNDINu09Zg5oArAOB1FojUT5Ux4=", "last_login": null, "is_superuser": false, "first_name": "", "last_name": "", "is_staff": false, "is_active": true, "date_joined": "2016-08-20T17:15:29.288Z", "username": "anne69", "name": "Kathy Little", "email": "barbara@gigazoom.edu", "avatar": "", "wechat": "scott85", "phone": "", "enable_otp": false, "secret_key_otp": "", "role": 1, "private_key": "", "public_key": "", "comment": "Maecenas leo odio, condimentum id, luctus nec, molestie sed, justo.", "date_expired": "2086-08-03T17:15:29.289Z", "created_by": "jean84", "user_permissions": [], "groups": [84]}}, {"model": "users.user", "pk": 5, "fields": {"password": "pbkdf2_sha256$30000$tIclhJOnVbFO$n/ng9yJ6LupAQTKDL3+itTaCGLQgVF4eTq5SrJC3occ=", "last_login": null, "is_superuser": false, "first_name": "", "last_name": "", "is_staff": false, "is_active": true, "date_joined": "2016-08-20T17:15:29.376Z", "username": "marilyn69", "name": "Wanda Williams", "email": "martha@yakijo.gov", "avatar": "", "wechat": "frances65", "phone": "", "enable_otp": false, "secret_key_otp": "", "role": 2, "private_key": "", "public_key": "", "comment": "In blandit ultrices enim.", "date_expired": "2086-08-03T17:15:29.376Z", "created_by": "patricia91", "user_permissions": [], "groups": [73]}}, {"model": "users.user", "pk": 6, "fields": {"password": "pbkdf2_sha256$30000$Ld7gNkVtvhah$xN3MzQDl/yRyq/nnDFSwmuiJr5n2fPUYC45YSgUhBso=", "last_login": null, "is_superuser": false, "first_name": "", "last_name": "", "is_staff": false, "is_active": true, "date_joined": "2016-08-20T17:15:29.470Z", "username": "denise66", "name": "Sandra Sullivan", "email": "theresa@topicware.net", "avatar": "", "wechat": "susan74", "phone": "", "enable_otp": false, "secret_key_otp": "", "role": 1, "private_key": "", "public_key": "", "comment": "Duis bibendum.", "date_expired": "2086-08-03T17:15:29.470Z", "created_by": "jean84", "user_permissions": [], "groups": [59]}}, {"model": "users.user", "pk": 7, "fields": {"password": "pbkdf2_sha256$30000$bTXAUBBK64IP$EQOg3ue9LjiVxbU6yzV/iDUIo3r9T3HDOReNeUxlPTI=", "last_login": null, "is_superuser": false, "first_name": "", "last_name": "", "is_staff": false, "is_active": true, "date_joined": "2016-08-20T17:15:29.576Z", "username": "donna67", "name": "Judy Lewis", "email": "donna@oozz.net", "avatar": "", "wechat": "joan92", "phone": "", "enable_otp": false, "secret_key_otp": "", "role": 2, "private_key": "", "public_key": "", "comment": "Cras pellentesque volutpat dui.", "date_expired": "2086-08-03T17:15:29.576Z", "created_by": "denise66", "user_permissions": [], "groups": [75]}}, {"model": "users.user", "pk": 8, "fields": {"password": "pbkdf2_sha256$30000$tHmiMA18vqJ8$OfKc//SaH/H8B0PWmk7qXmRChgrwmZV6jnjRu4PPB7I=", "last_login": null, "is_superuser": false, "first_name": "", "last_name": "", "is_staff": false, "is_active": true, "date_joined": "2016-08-20T17:15:29.673Z", "username": "margaret82", "name": "Deborah Coleman", "email": "jean@voonix.name", "avatar": "", "wechat": "ruth65", "phone": "", "enable_otp": false, "secret_key_otp": "", "role": 1, "private_key": "", "public_key": "", "comment": "Morbi ut odio.", "date_expired": "2086-08-03T17:15:29.673Z", "created_by": "donna67", "user_permissions": [], "groups": [23]}}, {"model": "users.user", "pk": 9, "fields": {"password": "pbkdf2_sha256$30000$of3sGrarMzNk$IRywzuSqJCd7Ie145dtyaCLDCgvdG/zJjtu5a0ANlvw=", "last_login": null, "is_superuser": false, "first_name": "", "last_name": "", "is_staff": false, "is_active": true, "date_joined": "2016-08-20T17:15:29.768Z", "username": "rachel85", "name": "Lillian Cole", "email": "marilyn@skinder.net", "avatar": "", "wechat": "sara82", "phone": "", "enable_otp": false, "secret_key_otp": "", "role": 2, "private_key": "", "public_key": "", "comment": "Proin eu mi.", "date_expired": "2086-08-03T17:15:29.768Z", "created_by": "admin", "user_permissions": [], "groups": [5]}}, {"model": "users.user", "pk": 10, "fields": {"password": "pbkdf2_sha256$30000$XA1RDd95eTlk$kR1qgff2/jUsnVjU1Xf+yQlpfAAzpTRfv+sRoPWow+0=", "last_login": null, "is_superuser": false, "first_name": "", "last_name": "", "is_staff": false, "is_active": true, "date_joined": "2016-08-20T17:15:29.871Z", "username": "louise78", "name": "Barbara Snyder", "email": "phyllis@avamm.gov", "avatar": "", "wechat": "barbara74", "phone": "", "enable_otp": false, "secret_key_otp": "", "role": 3, "private_key": "", "public_key": "", "comment": "Proin risus.", "date_expired": "2086-08-03T17:15:29.871Z", "created_by": "donna67", "user_permissions": [], "groups": [98]}}, {"model": "users.user", "pk": 11, "fields": {"password": "pbkdf2_sha256$30000$dQJcAiEZjqkK$qSxKGoG/WrWC1+DAqMpK4FdyduFXsbmyDJbv3UcZttQ=", "last_login": null, "is_superuser": false, "first_name": "", "last_name": "", "is_staff": false, "is_active": true, "date_joined": "2016-08-20T17:15:29.957Z", "username": "sharon75", "name": "Patricia Watson", "email": "barbara@voomm.net", "avatar": "", "wechat": "nancy66", "phone": "", "enable_otp": false, "secret_key_otp": "", "role": 1, "private_key": "", "public_key": "", "comment": "Etiam vel augue.", "date_expired": "2086-08-03T17:15:29.957Z", "created_by": "rachel85", "user_permissions": [], "groups": [96]}}, {"model": "users.user", "pk": 12, "fields": {"password": "pbkdf2_sha256$30000$4Ab7gucvOYVu$IX/NS0nGMF0xmngptD9cusBh22gias018ruv7Ap+fD8=", "last_login": null, "is_superuser": false, "first_name": "", "last_name": "", "is_staff": false, "is_active": true, "date_joined": "2016-08-20T17:15:30.047Z", "username": "lois74", "name": "Margaret Gibson", "email": "amanda@digitube.org", "avatar": "", "wechat": "evelyn63", "phone": "", "enable_otp": false, "secret_key_otp": "", "role": 1, "private_key": "", "public_key": "", "comment": "Fusce posuere felis sed lacus.", "date_expired": "2086-08-03T17:15:30.047Z", "created_by": "denise66", "user_permissions": [], "groups": [45]}}, {"model": "users.user", "pk": 13, "fields": {"password": "pbkdf2_sha256$30000$6mcT5SCxxoQ8$Md0QOkNXKDtLbJkJTljWLq+ibjEbOEWR+3c/+kmdZew=", "last_login": null, "is_superuser": false, "first_name": "", "last_name": "", "is_staff": false, "is_active": true, "date_joined": "2016-08-20T17:15:30.135Z", "username": "andrea80", "name": "Emily Foster", "email": "diana@tazzy.org", "avatar": "", "wechat": "kathy82", "phone": "", "enable_otp": false, "secret_key_otp": "", "role": 1, "private_key": "", "public_key": "", "comment": "In congue.", "date_expired": "2086-08-03T17:15:30.135Z", "created_by": "donna67", "user_permissions": [], "groups": [69]}}, {"model": "users.user", "pk": 14, "fields": {"password": "pbkdf2_sha256$30000$neIh5vof6ABt$+5Kqw8Jkr8hWDjn5fnbJHfaMCPa2+HB6zpHnYjP7SWA=", "last_login": null, "is_superuser": false, "first_name": "", "last_name": "", "is_staff": false, "is_active": true, "date_joined": "2016-08-20T17:15:30.223Z", "username": "betty64", "name": "Anne Webb", "email": "mary@thoughtsphere.gov", "avatar": "", "wechat": "catherine75", "phone": "", "enable_otp": false, "secret_key_otp": "", "role": 1, "private_key": "", "public_key": "", "comment": "Pellentesque at nulla.", "date_expired": "2086-08-03T17:15:30.223Z", "created_by": "rachel85", "user_permissions": [], "groups": [61]}}, {"model": "users.user", "pk": 15, "fields": {"password": "pbkdf2_sha256$30000$M1zjal6vLpd0$qwG55MlPLINxKZZliKmVVUOS9F1GdeM1y4d7W4JSQCk=", "last_login": null, "is_superuser": false, "first_name": "", "last_name": "", "is_staff": false, "is_active": true, "date_joined": "2016-08-20T17:15:30.329Z", "username": "louise79", "name": "Doris Harrison", "email": "ashley@kazu.edu", "avatar": "", "wechat": "doris72", "phone": "", "enable_otp": false, "secret_key_otp": "", "role": 3, "private_key": "", "public_key": "", "comment": "Maecenas leo odio, condimentum id, luctus nec, molestie sed, justo.", "date_expired": "2086-08-03T17:15:30.329Z", "created_by": "betty64", "user_permissions": [], "groups": [79]}}, {"model": "users.user", "pk": 16, "fields": {"password": "pbkdf2_sha256$30000$ac89mTjnFmjG$1q58nQc8PwofKcs5hIl66tlmmvIABSEsJuCrX42A5X8=", "last_login": null, "is_superuser": false, "first_name": "", "last_name": "", "is_staff": false, "is_active": true, "date_joined": "2016-08-20T17:15:30.419Z", "username": "jessica90", "name": "Rose Evans", "email": "rebecca@topiclounge.gov", "avatar": "", "wechat": "pamela84", "phone": "", "enable_otp": false, "secret_key_otp": "", "role": 3, "private_key": "", "public_key": "", "comment": "Integer non velit.", "date_expired": "2086-08-03T17:15:30.419Z", "created_by": "andrea80", "user_permissions": [], "groups": [75]}}, {"model": "users.user", "pk": 17, "fields": {"password": "pbkdf2_sha256$30000$T0wfOwczpvmo$FirXnKFlIaDbtiZsnHVe46sQNqeLBXvU9OfEKYkNem4=", "last_login": null, "is_superuser": false, "first_name": "", "last_name": "", "is_staff": false, "is_active": true, "date_joined": "2016-08-20T17:15:30.519Z", "username": "stephanie72", "name": "Gloria Franklin", "email": "anna@skiba.net", "avatar": "", "wechat": "shirley66", "phone": "", "enable_otp": false, "secret_key_otp": "", "role": 2, "private_key": "", "public_key": "", "comment": "Curabitur at ipsum ac tellus semper interdum.", "date_expired": "2086-08-03T17:15:30.519Z", "created_by": "jean84", "user_permissions": [], "groups": [48]}}, {"model": "users.user", "pk": 18, "fields": {"password": "pbkdf2_sha256$30000$4GjBWtx7xy5V$7P4i6DAUBBudljRf3OnRMEeq6exAcT2sy2Kj44xeQ14=", "last_login": null, "is_superuser": false, "first_name": "", "last_name": "", "is_staff": false, "is_active": true, "date_joined": "2016-08-20T17:15:30.606Z", "username": "shirley79", "name": "Wanda King", "email": "lois@yodoo.edu", "avatar": "", "wechat": "sara72", "phone": "", "enable_otp": false, "secret_key_otp": "", "role": 2, "private_key": "", "public_key": "", "comment": "Mauris enim leo, rhoncus sed, vestibulum sit amet, cursus id, turpis.", "date_expired": "2086-08-03T17:15:30.606Z", "created_by": "anne69", "user_permissions": [], "groups": [7]}}, {"model": "users.user", "pk": 19, "fields": {"password": "pbkdf2_sha256$30000$LPvTPDSf3Snu$GZyp7ULcp0wIdfaESyGOZOBAnIj6LaKYvbpoFJsqlPo=", "last_login": null, "is_superuser": false, "first_name": "", "last_name": "", "is_staff": false, "is_active": true, "date_joined": "2016-08-20T17:15:30.705Z", "username": "amy74", "name": "Maria Griffin", "email": "kathryn@rhynyx.edu", "avatar": "", "wechat": "louise86", "phone": "", "enable_otp": false, "secret_key_otp": "", "role": 2, "private_key": "", "public_key": "", "comment": "Etiam faucibus cursus urna.", "date_expired": "2086-08-03T17:15:30.705Z", "created_by": "jean84", "user_permissions": [], "groups": [53]}}, {"model": "users.user", "pk": 20, "fields": {"password": "pbkdf2_sha256$30000$fwRgoRrN2sNb$kHnfz+ntlht9EPEIs2AHGYHJ5Kc+qHSxtX6+JSK+RuI=", "last_login": null, "is_superuser": false, "first_name": "", "last_name": "", "is_staff": false, "is_active": true, "date_joined": "2016-08-20T17:15:30.795Z", "username": "evelyn94", "name": "Jane Harris", "email": "christine@yakidoo.net", "avatar": "", "wechat": "irene64", "phone": "", "enable_otp": false, "secret_key_otp": "", "role": 2, "private_key": "", "public_key": "", "comment": "Morbi quis tortor id nulla ultrices aliquet.", "date_expired": "2086-08-03T17:15:30.795Z", "created_by": "margaret82", "user_permissions": [], "groups": [82]}}, {"model": "users.user", "pk": 21, "fields": {"password": "pbkdf2_sha256$30000$e9yGDA91odBN$u5XSUd7LvbVq3OgENQvM5MT0P2Gtl5wAXqrpOpXYDhE=", "last_login": null, "is_superuser": false, "first_name": "", "last_name": "", "is_staff": false, "is_active": true, "date_joined": "2016-08-20T17:15:30.883Z", "username": "jean74", "name": "Katherine Moore", "email": "sarah@bluejam.biz", "avatar": "", "wechat": "irene76", "phone": "", "enable_otp": false, "secret_key_otp": "", "role": 1, "private_key": "", "public_key": "", "comment": "Maecenas rhoncus aliquam lacus.", "date_expired": "2086-08-03T17:15:30.883Z", "created_by": "denise66", "user_permissions": [], "groups": [58]}}, {"model": "users.user", "pk": 22, "fields": {"password": "pbkdf2_sha256$30000$vns2csfQBpNQ$yd7NUpliuU/s9lizYPT5+Q9bAQl7o4Cdqc2OOpqcLGs=", "last_login": null, "is_superuser": false, "first_name": "", "last_name": "", "is_staff": false, "is_active": true, "date_joined": "2016-08-20T17:15:31.000Z", "username": "mary81", "name": "Sara Mcdonald", "email": "jessica@gabvine.net", "avatar": "", "wechat": "louise79", "phone": "", "enable_otp": false, "secret_key_otp": "", "role": 2, "private_key": "", "public_key": "", "comment": "Cum sociis natoque penatibus et magnis dis parturient montes, nascetur ridiculus mus.", "date_expired": "2086-08-03T17:15:31.000Z", "created_by": "shirley79", "user_permissions": [], "groups": [57]}}, {"model": "users.user", "pk": 23, "fields": {"password": "pbkdf2_sha256$30000$j7Qvf97ljFCS$78yMKkOCzRZjuOl4pdc88z8gcDCiXLctlKAJYGfihxU=", "last_login": null, "is_superuser": false, "first_name": "", "last_name": "", "is_staff": false, "is_active": true, "date_joined": "2016-08-20T17:15:31.161Z", "username": "doris85", "name": "Diane Evans", "email": "nicole@oba.com", "avatar": "", "wechat": "lori68", "phone": "", "enable_otp": false, "secret_key_otp": "", "role": 2, "private_key": "", "public_key": "", "comment": "Pellentesque viverra pede ac diam.", "date_expired": "2086-08-03T17:15:31.161Z", "created_by": "jean74", "user_permissions": [], "groups": [61]}}, {"model": "users.user", "pk": 24, "fields": {"password": "pbkdf2_sha256$30000$TvRos13uokAX$0st9I0lBA+eQpDDehm8vHXpW3XVqmmXzbDYCCG2xk3k=", "last_login": null, "is_superuser": false, "first_name": "", "last_name": "", "is_staff": false, "is_active": true, "date_joined": "2016-08-20T17:15:31.256Z", "username": "nicole69", "name": "Carol Powell", "email": "joan@zava.com", "avatar": "", "wechat": "denise63", "phone": "", "enable_otp": false, "secret_key_otp": "", "role": 2, "private_key": "", "public_key": "", "comment": "Curabitur gravida nisi at nibh.", "date_expired": "2086-08-03T17:15:31.256Z", "created_by": "anne69", "user_permissions": [], "groups": [55]}}, {"model": "users.user", "pk": 25, "fields": {"password": "pbkdf2_sha256$30000$6fvbFNYiwRnY$S733Ok0nhg3hpzXYuL0Phj+asGRlrQL9EBXoeSuyr2Q=", "last_login": null, "is_superuser": false, "first_name": "", "last_name": "", "is_staff": false, "is_active": true, "date_joined": "2016-08-20T17:15:31.360Z", "username": "marie75", "name": "Mary Parker", "email": "gloria@leexo.org", "avatar": "", "wechat": "annie89", "phone": "", "enable_otp": false, "secret_key_otp": "", "role": 1, "private_key": "", "public_key": "", "comment": "Suspendisse accumsan tortor quis turpis.", "date_expired": "2086-08-03T17:15:31.360Z", "created_by": "jessica90", "user_permissions": [], "groups": [87]}}, {"model": "users.user", "pk": 26, "fields": {"password": "pbkdf2_sha256$30000$oZtdaum7rpiT$QIQvWwF347E30iVp5dIs0Dz+SVY1Z1JP5kMuPOcjXXI=", "last_login": null, "is_superuser": false, "first_name": "", "last_name": "", "is_staff": false, "is_active": true, "date_joined": "2016-08-20T17:15:31.469Z", "username": "nicole81", "name": "Mildred Fisher", "email": "sharon@babbleopia.gov", "avatar": "", "wechat": "ruby86", "phone": "", "enable_otp": false, "secret_key_otp": "", "role": 1, "private_key": "", "public_key": "", "comment": "Cum sociis natoque penatibus et magnis dis parturient montes, nascetur ridiculus mus.", "date_expired": "2086-08-03T17:15:31.469Z", "created_by": "patricia91", "user_permissions": [], "groups": [5]}}, {"model": "users.user", "pk": 27, "fields": {"password": "pbkdf2_sha256$30000$789LHX7bqtJf$KIl8AsiPK0u5TrgY5Vt6aLHvNZLSfawJnr5dn/8RWjg=", "last_login": null, "is_superuser": false, "first_name": "", "last_name": "", "is_staff": false, "is_active": true, "date_joined": "2016-08-20T17:15:31.569Z", "username": "debra83", "name": "Barbara Wallace", "email": "gloria@twiyo.info", "avatar": "", "wechat": "robin65", "phone": "", "enable_otp": false, "secret_key_otp": "", "role": 1, "private_key": "", "public_key": "", "comment": "Integer ac leo.", "date_expired": "2086-08-03T17:15:31.569Z", "created_by": "louise79", "user_permissions": [], "groups": [3]}}, {"model": "users.user", "pk": 28, "fields": {"password": "pbkdf2_sha256$30000$5OpUOCnce0n2$q+u/iJItJaUi642u4HpKK7qJ06o70UfMTBmknyv7HaE=", "last_login": null, "is_superuser": false, "first_name": "", "last_name": "", "is_staff": false, "is_active": true, "date_joined": "2016-08-20T17:15:31.659Z", "username": "janet86", "name": "Phyllis Moore", "email": "joyce@skimia.info", "avatar": "", "wechat": "virginia71", "phone": "", "enable_otp": false, "secret_key_otp": "", "role": 1, "private_key": "", "public_key": "", "comment": "Suspendisse potenti.", "date_expired": "2086-08-03T17:15:31.659Z", "created_by": "margaret82", "user_permissions": [], "groups": [93]}}, {"model": "users.user", "pk": 29, "fields": {"password": "pbkdf2_sha256$30000$dZYkPARJHKcI$c3MHJ+CjL9mXN3z9CUYJ/3Nrc+QJY/Rsq1JJrIBV/Ms=", "last_login": null, "is_superuser": false, "first_name": "", "last_name": "", "is_staff": false, "is_active": true, "date_joined": "2016-08-20T17:15:31.769Z", "username": "marie76", "name": "Lisa Weaver", "email": "ashley@fanoodle.edu", "avatar": "", "wechat": "ann90", "phone": "", "enable_otp": false, "secret_key_otp": "", "role": 1, "private_key": "", "public_key": "", "comment": "Vestibulum sed magna at nunc commodo placerat.", "date_expired": "2086-08-03T17:15:31.769Z", "created_by": "evelyn94", "user_permissions": [], "groups": [47]}}, {"model": "users.user", "pk": 30, "fields": {"password": "pbkdf2_sha256$30000$6rnVkGFVNj2U$t74smQhN+jwLoiDqz1O0x+ZGBzcb77JAy1jiq8XQeT4=", "last_login": null, "is_superuser": false, "first_name": "", "last_name": "", "is_staff": false, "is_active": true, "date_joined": "2016-08-20T17:15:31.855Z", "username": "pamela91", "name": "Melissa Day", "email": "katherine@yodo.name", "avatar": "", "wechat": "helen84", "phone": "", "enable_otp": false, "secret_key_otp": "", "role": 3, "private_key": "", "public_key": "", "comment": "In hac habitasse platea dictumst.", "date_expired": "2086-08-03T17:15:31.855Z", "created_by": "marilyn69", "user_permissions": [], "groups": [16]}}, {"model": "users.user", "pk": 31, "fields": {"password": "pbkdf2_sha256$30000$KSoJVYXcIN6i$FIq097cZEFA04UpLTUv0X8dspC7mxwhCpDSiTZvz29Q=", "last_login": null, "is_superuser": false, "first_name": "", "last_name": "", "is_staff": false, "is_active": true, "date_joined": "2016-08-20T17:15:31.952Z", "username": "maria64", "name": "Debra Ortiz", "email": "diane@skyndu.org", "avatar": "", "wechat": "beverly90", "phone": "", "enable_otp": false, "secret_key_otp": "", "role": 3, "private_key": "", "public_key": "", "comment": "In hac habitasse platea dictumst.", "date_expired": "2086-08-03T17:15:31.952Z", "created_by": "nicole81", "user_permissions": [], "groups": [15]}}, {"model": "users.user", "pk": 32, "fields": {"password": "pbkdf2_sha256$30000$Z4ofcMBs65KC$kwrl5gFWwAq5Skr92TD3lobESedjbwpClwqqVQn+eXI=", "last_login": null, "is_superuser": false, "first_name": "", "last_name": "", "is_staff": false, "is_active": true, "date_joined": "2016-08-20T17:15:32.040Z", "username": "lisa77", "name": "Louise Kim", "email": "linda@gabvine.biz", "avatar": "", "wechat": "tina86", "phone": "", "enable_otp": false, "secret_key_otp": "", "role": 1, "private_key": "", "public_key": "", "comment": "Cras in purus eu magna vulputate luctus.", "date_expired": "2086-08-03T17:15:32.040Z", "created_by": "donna67", "user_permissions": [], "groups": [37]}}, {"model": "users.user", "pk": 33, "fields": {"password": "pbkdf2_sha256$30000$Yph8SGBOyn9s$v0dIKMaMPO7MQoDmfQ69o4I/w23WZaMSZ2US4RKMZ/k=", "last_login": null, "is_superuser": false, "first_name": "", "last_name": "", "is_staff": false, "is_active": true, "date_joined": "2016-08-20T17:15:32.125Z", "username": "janet88", "name": "Susan Stewart", "email": "patricia@tagcat.net", "avatar": "", "wechat": "andrea79", "phone": "", "enable_otp": false, "secret_key_otp": "", "role": 1, "private_key": "", "public_key": "", "comment": "Donec ut dolor.", "date_expired": "2086-08-03T17:15:32.125Z", "created_by": "donna67", "user_permissions": [], "groups": [77]}}, {"model": "users.user", "pk": 34, "fields": {"password": "pbkdf2_sha256$30000$gPRFzpAFFiAb$J+eJA69I28r18h2ZlztZnkeJIp106MAuwql4LycwjvA=", "last_login": null, "is_superuser": false, "first_name": "", "last_name": "", "is_staff": false, "is_active": true, "date_joined": "2016-08-20T17:15:32.209Z", "username": "melissa77", "name": "Michelle Lawson", "email": "cheryl@layo.net", "avatar": "", "wechat": "elizabeth72", "phone": "", "enable_otp": false, "secret_key_otp": "", "role": 2, "private_key": "", "public_key": "", "comment": "Sed accumsan felis.", "date_expired": "2086-08-03T17:15:32.209Z", "created_by": "marilyn69", "user_permissions": [], "groups": [93]}}, {"model": "users.user", "pk": 35, "fields": {"password": "pbkdf2_sha256$30000$L265LYJeOL6x$yCr0j3fNDLyM55nYNiqUjjm5eSKjUxlmn2qoe8zOeOY=", "last_login": null, "is_superuser": false, "first_name": "", "last_name": "", "is_staff": false, "is_active": true, "date_joined": "2016-08-20T17:15:32.296Z", "username": "teresa91", "name": "Brenda Shaw", "email": "jean@gigaclub.info", "avatar": "", "wechat": "sandra86", "phone": "", "enable_otp": false, "secret_key_otp": "", "role": 1, "private_key": "", "public_key": "", "comment": "Duis at velit eu est congue elementum.", "date_expired": "2086-08-03T17:15:32.296Z", "created_by": "rachel85", "user_permissions": [], "groups": [11]}}, {"model": "users.user", "pk": 36, "fields": {"password": "pbkdf2_sha256$30000$SqCpHJqY6Asv$FBOQPj5mKmFSmIGapgExJ89tVW8Vi8sEn1clHT5hGuQ=", "last_login": null, "is_superuser": false, "first_name": "", "last_name": "", "is_staff": false, "is_active": true, "date_joined": "2016-08-20T17:15:32.387Z", "username": "ruby74", "name": "Beverly Grant", "email": "barbara@rhybox.edu", "avatar": "", "wechat": "joan63", "phone": "", "enable_otp": false, "secret_key_otp": "", "role": 2, "private_key": "", "public_key": "", "comment": "Phasellus sit amet erat.", "date_expired": "2086-08-03T17:15:32.387Z", "created_by": "janet86", "user_permissions": [], "groups": [63]}}, {"model": "users.user", "pk": 37, "fields": {"password": "pbkdf2_sha256$30000$Jsup2VcMiWVp$pcrMdvnIboHT8X7jYPYWXV13HJWj6t0Ic9kKc4GaekI=", "last_login": null, "is_superuser": false, "first_name": "", "last_name": "", "is_staff": false, "is_active": true, "date_joined": "2016-08-20T17:15:32.483Z", "username": "janet82", "name": "Joan Burke", "email": "tina@jaxnation.net", "avatar": "", "wechat": "judy74", "phone": "", "enable_otp": false, "secret_key_otp": "", "role": 3, "private_key": "", "public_key": "", "comment": "Sed accumsan felis.", "date_expired": "2086-08-03T17:15:32.483Z", "created_by": "janet88", "user_permissions": [], "groups": [69]}}, {"model": "users.user", "pk": 38, "fields": {"password": "pbkdf2_sha256$30000$ef8uxKqhmKVg$OXTeS2jzxGCDWm8D2VbFYsEcVJKfXMSDMAQau3ThMTs=", "last_login": null, "is_superuser": false, "first_name": "", "last_name": "", "is_staff": false, "is_active": true, "date_joined": "2016-08-20T17:15:32.571Z", "username": "karen92", "name": "Pamela Wallace", "email": "bonnie@photospace.org", "avatar": "", "wechat": "frances74", "phone": "", "enable_otp": false, "secret_key_otp": "", "role": 2, "private_key": "", "public_key": "", "comment": "Aliquam non mauris.", "date_expired": "2086-08-03T17:15:32.571Z", "created_by": "anne69", "user_permissions": [], "groups": [100]}}, {"model": "users.user", "pk": 39, "fields": {"password": "pbkdf2_sha256$30000$SACOREYPFqBj$lxm/S0+/RfXMsKVym1wPmmNRnqeFtxlErA/Db/bpJHA=", "last_login": null, "is_superuser": false, "first_name": "", "last_name": "", "is_staff": false, "is_active": true, "date_joined": "2016-08-20T17:15:32.657Z", "username": "andrea82", "name": "Heather Russell", "email": "doris@wikibox.org", "avatar": "", "wechat": "lois79", "phone": "", "enable_otp": false, "secret_key_otp": "", "role": 1, "private_key": "", "public_key": "", "comment": "Integer ac neque.", "date_expired": "2086-08-03T17:15:32.657Z", "created_by": "anne69", "user_permissions": [], "groups": [30]}}, {"model": "users.user", "pk": 40, "fields": {"password": "pbkdf2_sha256$30000$HE3g58Ze3Xvw$wW0BiVLqmJY6RvoUaayl6w1S01pjF4miRggqyw/O2PI=", "last_login": null, "is_superuser": false, "first_name": "", "last_name": "", "is_staff": false, "is_active": true, "date_joined": "2016-08-20T17:15:32.788Z", "username": "maria76", "name": "Barbara Carroll", "email": "angela@dablist.com", "avatar": "", "wechat": "jean81", "phone": "", "enable_otp": false, "secret_key_otp": "", "role": 1, "private_key": "", "public_key": "", "comment": "Maecenas tristique, est et tempus semper, est quam pharetra magna, ac consequat metus sapien ut nunc.", "date_expired": "2086-08-03T17:15:32.788Z", "created_by": "doris85", "user_permissions": [], "groups": [80]}}, {"model": "users.user", "pk": 41, "fields": {"password": "pbkdf2_sha256$30000$3fpRmpfCYNEF$vG+TVVj6UsuvIusXeMYPAdWEKdoInIvIrS9KJZ5jJGY=", "last_login": null, "is_superuser": false, "first_name": "", "last_name": "", "is_staff": false, "is_active": true, "date_joined": "2016-08-20T17:15:32.890Z", "username": "heather85", "name": "Christina Mason", "email": "diana@mybuzz.info", "avatar": "", "wechat": "lisa75", "phone": "", "enable_otp": false, "secret_key_otp": "", "role": 3, "private_key": "", "public_key": "", "comment": "Vestibulum ante ipsum primis in faucibus orci luctus et ultrices posuere cubilia Curae; Nulla dapibus dolor vel est.", "date_expired": "2086-08-03T17:15:32.890Z", "created_by": "jean74", "user_permissions": [], "groups": [71]}}, {"model": "users.user", "pk": 42, "fields": {"password": "pbkdf2_sha256$30000$6vKqgFTMGglo$ZQvtrpCLwrQSsFTyT7lhEV3MexDEKf5ihjAojl0zJhU=", "last_login": null, "is_superuser": false, "first_name": "", "last_name": "", "is_staff": false, "is_active": true, "date_joined": "2016-08-20T17:15:32.982Z", "username": "anna93", "name": "Ann Jenkins", "email": "teresa@oyoloo.mil", "avatar": "", "wechat": "gloria93", "phone": "", "enable_otp": false, "secret_key_otp": "", "role": 3, "private_key": "", "public_key": "", "comment": "Etiam faucibus cursus urna.", "date_expired": "2086-08-03T17:15:32.982Z", "created_by": "evelyn94", "user_permissions": [], "groups": [83]}}, {"model": "users.user", "pk": 43, "fields": {"password": "pbkdf2_sha256$30000$Ysbx1XYVAkpo$j99uf1N/vPfS4GD9ZGwkhByF4695HAK+5lKvAO03jxk=", "last_login": null, "is_superuser": false, "first_name": "", "last_name": "", "is_staff": false, "is_active": true, "date_joined": "2016-08-20T17:15:33.081Z", "username": "jane72", "name": "Norma Sanders", "email": "martha@kwimbee.com", "avatar": "", "wechat": "diane75", "phone": "", "enable_otp": false, "secret_key_otp": "", "role": 2, "private_key": "", "public_key": "", "comment": "Mauris enim leo, rhoncus sed, vestibulum sit amet, cursus id, turpis.", "date_expired": "2086-08-03T17:15:33.082Z", "created_by": "louise78", "user_permissions": [], "groups": [94]}}, {"model": "users.user", "pk": 44, "fields": {"password": "pbkdf2_sha256$30000$S2SfbpJziHUv$hYCT06WN/WJ2LfE6PnpkfSBO9fKvCaw49D7LJXoGfS4=", "last_login": null, "is_superuser": false, "first_name": "", "last_name": "", "is_staff": false, "is_active": true, "date_joined": "2016-08-20T17:15:33.195Z", "username": "kimberly76", "name": "Anne Elliott", "email": "martha@dazzlesphere.com", "avatar": "", "wechat": "emily86", "phone": "", "enable_otp": false, "secret_key_otp": "", "role": 2, "private_key": "", "public_key": "", "comment": "Mauris enim leo, rhoncus sed, vestibulum sit amet, cursus id, turpis.", "date_expired": "2086-08-03T17:15:33.195Z", "created_by": "shirley79", "user_permissions": [], "groups": [10]}}, {"model": "users.user", "pk": 45, "fields": {"password": "pbkdf2_sha256$30000$LbDXlvfBXwnj$FBlj6+LYgYmWEfOS2KyK1kyObYjunaCmXFpiyDHX1Ro=", "last_login": null, "is_superuser": false, "first_name": "", "last_name": "", "is_staff": false, "is_active": true, "date_joined": "2016-08-20T17:15:33.298Z", "username": "kathy64", "name": "Louise Gonzales", "email": "shirley@dynazzy.edu", "avatar": "", "wechat": "cheryl64", "phone": "", "enable_otp": false, "secret_key_otp": "", "role": 1, "private_key": "", "public_key": "", "comment": "Curabitur gravida nisi at nibh.", "date_expired": "2086-08-03T17:15:33.298Z", "created_by": "rachel85", "user_permissions": [], "groups": [5]}}, {"model": "users.user", "pk": 46, "fields": {"password": "pbkdf2_sha256$30000$wWNjGVe1e05z$5zPjgpVzPliDB7UKF/qUOigjcMyE1ivN68AC40GJK/4=", "last_login": null, "is_superuser": false, "first_name": "", "last_name": "", "is_staff": false, "is_active": true, "date_joined": "2016-08-20T17:15:33.387Z", "username": "kimberly77", "name": "Katherine Armstrong", "email": "jane@oozz.org", "avatar": "", "wechat": "joan63", "phone": "", "enable_otp": false, "secret_key_otp": "", "role": 2, "private_key": "", "public_key": "", "comment": "Proin eu mi.", "date_expired": "2086-08-03T17:15:33.387Z", "created_by": "debra83", "user_permissions": [], "groups": [90]}}, {"model": "users.user", "pk": 47, "fields": {"password": "pbkdf2_sha256$30000$fey7Eqou0vFG$PqC2gBk1hvV+MMWNVBQKmKKLcdh2cbcAZWm/iDu/1pU=", "last_login": null, "is_superuser": false, "first_name": "", "last_name": "", "is_staff": false, "is_active": true, "date_joined": "2016-08-20T17:15:33.480Z", "username": "patricia71", "name": "Annie Little", "email": "louise@skipstorm.biz", "avatar": "", "wechat": "jane93", "phone": "", "enable_otp": false, "secret_key_otp": "", "role": 3, "private_key": "", "public_key": "", "comment": "Donec quis orci eget orci vehicula condimentum.", "date_expired": "2086-08-03T17:15:33.480Z", "created_by": "anne69", "user_permissions": [], "groups": [83]}}, {"model": "users.user", "pk": 48, "fields": {"password": "pbkdf2_sha256$30000$zMNns2d4BxeA$RVA7vqLoDlGZe/b8jEzVTiECCd12jyboZ07CqS6jk7o=", "last_login": null, "is_superuser": false, "first_name": "", "last_name": "", "is_staff": false, "is_active": true, "date_joined": "2016-08-20T17:15:33.569Z", "username": "elizabeth89", "name": "Ashley Nelson", "email": "brenda@oyonder.net", "avatar": "", "wechat": "kathryn85", "phone": "", "enable_otp": false, "secret_key_otp": "", "role": 2, "private_key": "", "public_key": "", "comment": "Maecenas rhoncus aliquam lacus.", "date_expired": "2086-08-03T17:15:33.569Z", "created_by": "doris85", "user_permissions": [], "groups": [5]}}, {"model": "users.user", "pk": 49, "fields": {"password": "pbkdf2_sha256$30000$hMg4N1Vbb6cr$EU841xdx6HuvgktIWQlXIQ7psITfAlfAJFReY2cqX5E=", "last_login": null, "is_superuser": false, "first_name": "", "last_name": "", "is_staff": false, "is_active": true, "date_joined": "2016-08-20T17:15:33.660Z", "username": "sarah91", "name": "Heather Chavez", "email": "denise@riffpedia.gov", "avatar": "", "wechat": "sandra74", "phone": "", "enable_otp": false, "secret_key_otp": "", "role": 3, "private_key": "", "public_key": "", "comment": "Maecenas tristique, est et tempus semper, est quam pharetra magna, ac consequat metus sapien ut nunc.", "date_expired": "2086-08-03T17:15:33.660Z", "created_by": "amy74", "user_permissions": [], "groups": [72]}}, {"model": "users.user", "pk": 50, "fields": {"password": "pbkdf2_sha256$30000$1mE2J7Y579mD$aEO9zKbKFNFoWmOiij4ZvMgdo/M0VXlrSssUMWxCwCQ=", "last_login": null, "is_superuser": false, "first_name": "", "last_name": "", "is_staff": false, "is_active": true, "date_joined": "2016-08-20T17:15:33.815Z", "username": "judy87", "name": "Rachel Martinez", "email": "christina@devbug.gov", "avatar": "", "wechat": "tammy87", "phone": "", "enable_otp": false, "secret_key_otp": "", "role": 3, "private_key": "", "public_key": "", "comment": "Morbi odio odio, elementum eu, interdum eu, tincidunt in, leo.", "date_expired": "2086-08-03T17:15:33.815Z", "created_by": "debra83", "user_permissions": [], "groups": [61]}}, {"model": "users.user", "pk": 51, "fields": {"password": "pbkdf2_sha256$30000$7HMsVagPnY1q$V9uvwoLPl/tT/VSA69/TnZqgpKn2YYCWf2bbPp3UUAM=", "last_login": null, "is_superuser": false, "first_name": "", "last_name": "", "is_staff": false, "is_active": true, "date_joined": "2016-08-20T17:15:33.933Z", "username": "sharon73", "name": "Judy Garza", "email": "emily@eare.com", "avatar": "", "wechat": "betty83", "phone": "", "enable_otp": false, "secret_key_otp": "", "role": 1, "private_key": "", "public_key": "", "comment": "Pellentesque viverra pede ac diam.", "date_expired": "2086-08-03T17:15:33.933Z", "created_by": "anne69", "user_permissions": [], "groups": [43]}}, {"model": "users.user", "pk": 52, "fields": {"password": "pbkdf2_sha256$30000$2IJ5S1VBbK3p$FO9eqJzpd0viGsuXcMXPGkI00Nk07U3zmGs7qyy198I=", "last_login": null, "is_superuser": false, "first_name": "", "last_name": "", "is_staff": false, "is_active": true, "date_joined": "2016-08-20T17:15:34.032Z", "username": "sharon89", "name": "Gloria Daniels", "email": "carolyn@flipbug.name", "avatar": "", "wechat": "michelle86", "phone": "", "enable_otp": false, "secret_key_otp": "", "role": 1, "private_key": "", "public_key": "", "comment": "Quisque porta volutpat erat.", "date_expired": "2086-08-03T17:15:34.032Z", "created_by": "denise66", "user_permissions": [], "groups": [5]}}, {"model": "users.user", "pk": 53, "fields": {"password": "pbkdf2_sha256$30000$8QUodkpeqLFH$nQCv+t5P1acZmONck4s/VNrl4AdIvsP6wSrS5S9UCjs=", "last_login": null, "is_superuser": false, "first_name": "", "last_name": "", "is_staff": false, "is_active": true, "date_joined": "2016-08-20T17:15:34.131Z", "username": "kelly65", "name": "Deborah Hicks", "email": "andrea@brightbean.info", "avatar": "", "wechat": "annie94", "phone": "", "enable_otp": false, "secret_key_otp": "", "role": 3, "private_key": "", "public_key": "", "comment": "Curabitur convallis.", "date_expired": "2086-08-03T17:15:34.131Z", "created_by": "elizabeth89", "user_permissions": [], "groups": [55]}}, {"model": "users.user", "pk": 54, "fields": {"password": "pbkdf2_sha256$30000$KgVXBjeHpdS5$rI6pVoWz8lUr1mFxcNiNgHRnMNXRoVEIE6pCZhkHFZs=", "last_login": null, "is_superuser": false, "first_name": "", "last_name": "", "is_staff": false, "is_active": true, "date_joined": "2016-08-20T17:15:34.223Z", "username": "robin73", "name": "Shirley Griffin", "email": "debra@tagtune.mil", "avatar": "", "wechat": "janet86", "phone": "", "enable_otp": false, "secret_key_otp": "", "role": 2, "private_key": "", "public_key": "", "comment": "Donec semper sapien a libero.", "date_expired": "2086-08-03T17:15:34.223Z", "created_by": "anna93", "user_permissions": [], "groups": [73]}}, {"model": "users.user", "pk": 55, "fields": {"password": "pbkdf2_sha256$30000$WvQNUEK10rps$z7k9mWsQPpaX2jCnEZsJ65Htkrn5qYDN/UOWVeJytTE=", "last_login": null, "is_superuser": false, "first_name": "", "last_name": "", "is_staff": false, "is_active": true, "date_joined": "2016-08-20T17:15:34.318Z", "username": "martha66", "name": "Mildred Howard", "email": "diane@buzzster.name", "avatar": "", "wechat": "tina86", "phone": "", "enable_otp": false, "secret_key_otp": "", "role": 1, "private_key": "", "public_key": "", "comment": "Etiam faucibus cursus urna.", "date_expired": "2086-08-03T17:15:34.318Z", "created_by": "patricia71", "user_permissions": [], "groups": [26]}}, {"model": "users.user", "pk": 56, "fields": {"password": "pbkdf2_sha256$30000$0vetg05MmtcJ$ioQ4aG+t/23avJaDAP++60sZyF//3ieJmpC2JZYAoaY=", "last_login": null, "is_superuser": false, "first_name": "", "last_name": "", "is_staff": false, "is_active": true, "date_joined": "2016-08-20T17:15:34.414Z", "username": "maria81", "name": "Emily Hayes", "email": "julia@thoughtblab.org", "avatar": "", "wechat": "katherine68", "phone": "", "enable_otp": false, "secret_key_otp": "", "role": 3, "private_key": "", "public_key": "", "comment": "Donec ut dolor.", "date_expired": "2086-08-03T17:15:34.415Z", "created_by": "denise66", "user_permissions": [], "groups": [30]}}, {"model": "users.user", "pk": 57, "fields": {"password": "pbkdf2_sha256$30000$9f1tebZfyhqu$RhbmgQPGxtyhkkgyOqADlA159qUazfIMdSxoRuunsvc=", "last_login": null, "is_superuser": false, "first_name": "", "last_name": "", "is_staff": false, "is_active": true, "date_joined": "2016-08-20T17:15:34.529Z", "username": "ruby70", "name": "Laura Gonzalez", "email": "ashley@skyvu.gov", "avatar": "", "wechat": "ann66", "phone": "", "enable_otp": false, "secret_key_otp": "", "role": 2, "private_key": "", "public_key": "", "comment": "Cum sociis natoque penatibus et magnis dis parturient montes, nascetur ridiculus mus.", "date_expired": "2086-08-03T17:15:34.530Z", "created_by": "marie76", "user_permissions": [], "groups": [80]}}, {"model": "users.user", "pk": 58, "fields": {"password": "pbkdf2_sha256$30000$ONeDMmaWAEHK$2bJb3YNBMTAN+gQydX6PLfqg6im8ZQOPsQjq2JW7Qq0=", "last_login": null, "is_superuser": false, "first_name": "", "last_name": "", "is_staff": false, "is_active": true, "date_joined": "2016-08-20T17:15:34.629Z", "username": "kathy77", "name": "Judith Hicks", "email": "katherine@ailane.name", "avatar": "", "wechat": "theresa64", "phone": "", "enable_otp": false, "secret_key_otp": "", "role": 3, "private_key": "", "public_key": "", "comment": "Maecenas pulvinar lobortis est.", "date_expired": "2086-08-03T17:15:34.630Z", "created_by": "louise79", "user_permissions": [], "groups": [33]}}, {"model": "users.user", "pk": 59, "fields": {"password": "pbkdf2_sha256$30000$bNwYQ2owp71U$oFRAdD5YJyn40Pg/hfkLLAGw5/UZjhM4G4yNEN4wbBA=", "last_login": null, "is_superuser": false, "first_name": "", "last_name": "", "is_staff": false, "is_active": true, "date_joined": "2016-08-20T17:15:34.730Z", "username": "andrea65", "name": "Melissa Hawkins", "email": "sarah@layo.edu", "avatar": "", "wechat": "katherine77", "phone": "", "enable_otp": false, "secret_key_otp": "", "role": 2, "private_key": "", "public_key": "", "comment": "Praesent id massa id nisl venenatis lacinia.", "date_expired": "2086-08-03T17:15:34.730Z", "created_by": "sharon75", "user_permissions": [], "groups": [82]}}, {"model": "users.user", "pk": 60, "fields": {"password": "pbkdf2_sha256$30000$TSkvBGgtrMMh$uTAaliUhWDwiEkVEkRcTZjx9MbSLHcTbW9e5L0oVnfk=", "last_login": null, "is_superuser": false, "first_name": "", "last_name": "", "is_staff": false, "is_active": true, "date_joined": "2016-08-20T17:15:34.833Z", "username": "lori65", "name": "Randy Bailey", "email": "kimberly@tagpad.com", "avatar": "", "wechat": "dorothy94", "phone": "", "enable_otp": false, "secret_key_otp": "", "role": 2, "private_key": "", "public_key": "", "comment": "Lorem ipsum dolor sit amet, consectetuer adipiscing elit.", "date_expired": "2086-08-03T17:15:34.833Z", "created_by": "debra83", "user_permissions": [], "groups": [66]}}, {"model": "users.user", "pk": 61, "fields": {"password": "pbkdf2_sha256$30000$tBYjZoboeK5P$HVDSViPsKg1OerXopZnrTZEoh6DfoD/8mNPw0B8TRkI=", "last_login": null, "is_superuser": false, "first_name": "", "last_name": "", "is_staff": false, "is_active": true, "date_joined": "2016-08-20T17:15:34.982Z", "username": "susan74", "name": "Todd Rogers", "email": "cynthia@aivee.biz", "avatar": "", "wechat": "jessica85", "phone": "", "enable_otp": false, "secret_key_otp": "", "role": 3, "private_key": "", "public_key": "", "comment": "Nullam molestie nibh in lectus.", "date_expired": "2086-08-03T17:15:34.982Z", "created_by": "patricia91", "user_permissions": [], "groups": [66]}}, {"model": "users.user", "pk": 62, "fields": {"password": "pbkdf2_sha256$30000$X38qbyycYq6F$atk7ta1CKl/D3q3rRwHmdtUVv6uoxHQCZ9e0dyIbTOI=", "last_login": null, "is_superuser": false, "first_name": "", "last_name": "", "is_staff": false, "is_active": true, "date_joined": "2016-08-20T17:15:35.087Z", "username": "tina86", "name": "Barbara Miller", "email": "pamela@linklinks.com", "avatar": "", "wechat": "betty83", "phone": "", "enable_otp": false, "secret_key_otp": "", "role": 1, "private_key": "", "public_key": "", "comment": "Etiam vel augue.", "date_expired": "2086-08-03T17:15:35.087Z", "created_by": "marilyn69", "user_permissions": [], "groups": [13]}}, {"model": "users.user", "pk": 63, "fields": {"password": "pbkdf2_sha256$30000$UR3AJ8lFvfu6$EEoB/nRbIONQ6Q2suYTvB6AH8flI5GR1MoIxI6u8ZE0=", "last_login": null, "is_superuser": false, "first_name": "", "last_name": "", "is_staff": false, "is_active": true, "date_joined": "2016-08-20T17:15:35.192Z", "username": "wanda65", "name": "Michelle Rogers", "email": "carolyn@viva.info", "avatar": "", "wechat": "mildred70", "phone": "", "enable_otp": false, "secret_key_otp": "", "role": 3, "private_key": "", "public_key": "", "comment": "Ut at dolor quis odio consequat varius.", "date_expired": "2086-08-03T17:15:35.192Z", "created_by": "janet88", "user_permissions": [], "groups": [83]}}, {"model": "users.user", "pk": 64, "fields": {"password": "pbkdf2_sha256$30000$SMkViuAMVcB1$SMgb7IBtbGeZWZA8U3IWbhLXccwzlLSlJk0ZmlxJLWQ=", "last_login": null, "is_superuser": false, "first_name": "", "last_name": "", "is_staff": false, "is_active": true, "date_joined": "2016-08-20T17:15:35.299Z", "username": "louise85", "name": "Ashley Grant", "email": "ashley@ailane.net", "avatar": "", "wechat": "anne67", "phone": "", "enable_otp": false, "secret_key_otp": "", "role": 1, "private_key": "", "public_key": "", "comment": "Vestibulum quam sapien, varius ut, blandit non, interdum in, ante.", "date_expired": "2086-08-03T17:15:35.299Z", "created_by": "mary81", "user_permissions": [], "groups": [69]}}, {"model": "users.user", "pk": 65, "fields": {"password": "pbkdf2_sha256$30000$x3PGgdZWK2zb$ao3DsVzGKRhZWmb909Ovu54FMP/fwSb7lDooZwlg/A8=", "last_login": null, "is_superuser": false, "first_name": "", "last_name": "", "is_staff": false, "is_active": true, "date_joined": "2016-08-20T17:15:35.470Z", "username": "betty82", "name": "Julie Burke", "email": "julie@skidoo.biz", "avatar": "", "wechat": "beverly86", "phone": "", "enable_otp": false, "secret_key_otp": "", "role": 1, "private_key": "", "public_key": "", "comment": "Quisque arcu libero, rutrum ac, lobortis vel, dapibus at, diam.", "date_expired": "2086-08-03T17:15:35.470Z", "created_by": "kelly65", "user_permissions": [], "groups": [76]}}, {"model": "users.user", "pk": 66, "fields": {"password": "pbkdf2_sha256$30000$nhJdcM9AQcZL$DFThtD1NgWN0F5/NnWdEpkV4T3OQo70xAvzHaQPFhMw=", "last_login": null, "is_superuser": false, "first_name": "", "last_name": "", "is_staff": false, "is_active": true, "date_joined": "2016-08-20T17:15:35.568Z", "username": "doris89", "name": "Mary Weaver", "email": "ruth@twimm.info", "avatar": "", "wechat": "donna81", "phone": "", "enable_otp": false, "secret_key_otp": "", "role": 2, "private_key": "", "public_key": "", "comment": "Sed accumsan felis.", "date_expired": "2086-08-03T17:15:35.568Z", "created_by": "louise79", "user_permissions": [], "groups": [98]}}, {"model": "users.user", "pk": 67, "fields": {"password": "pbkdf2_sha256$30000$cRUIyAuAHQmb$D+3F3yVWMDw5p4PItMaAbkarVhLKGATP9FCoGf3R7io=", "last_login": null, "is_superuser": false, "first_name": "", "last_name": "", "is_staff": false, "is_active": true, "date_joined": "2016-08-20T17:15:35.667Z", "username": "andrea71", "name": "Julie Romero", "email": "patricia@skalith.mil", "avatar": "", "wechat": "rose75", "phone": "", "enable_otp": false, "secret_key_otp": "", "role": 3, "private_key": "", "public_key": "", "comment": "Nullam varius.", "date_expired": "2086-08-03T17:15:35.668Z", "created_by": "stephanie72", "user_permissions": [], "groups": [67]}}, {"model": "users.user", "pk": 68, "fields": {"password": "pbkdf2_sha256$30000$Aa5DRsH7kefg$zo2edYhvQnkVX1Ke1eSCP6u94awY1PCd/zsHBuuPqG4=", "last_login": null, "is_superuser": false, "first_name": "", "last_name": "", "is_staff": false, "is_active": true, "date_joined": "2016-08-20T17:15:35.767Z", "username": "lois82", "name": "Christine Garza", "email": "jennifer@talane.net", "avatar": "", "wechat": "tammy94", "phone": "", "enable_otp": false, "secret_key_otp": "", "role": 1, "private_key": "", "public_key": "", "comment": "In quis justo.", "date_expired": "2086-08-03T17:15:35.767Z", "created_by": "admin", "user_permissions": [], "groups": [68]}}, {"model": "users.user", "pk": 69, "fields": {"password": "pbkdf2_sha256$30000$VwG5mYJvkcWB$pOPfxeLZbV+quB8d6iV67ot4u304Sk3YJtovH0zhB38=", "last_login": null, "is_superuser": false, "first_name": "", "last_name": "", "is_staff": false, "is_active": true, "date_joined": "2016-08-20T17:15:35.863Z", "username": "ruth76", "name": "Rachel Ward", "email": "nancy@pixope.info", "avatar": "", "wechat": "doris86", "phone": "", "enable_otp": false, "secret_key_otp": "", "role": 3, "private_key": "", "public_key": "", "comment": "Morbi vestibulum, velit id pretium iaculis, diam erat fermentum justo, nec condimentum neque sapien placerat ante.", "date_expired": "2086-08-03T17:15:35.863Z", "created_by": "donna67", "user_permissions": [], "groups": [89]}}, {"model": "users.user", "pk": 70, "fields": {"password": "pbkdf2_sha256$30000$iNv2CykGjc6M$FbVrDaYMya+aVdyf+GZ1dVQNzncBLlTo9ZgbMAv8Pp4=", "last_login": null, "is_superuser": false, "first_name": "", "last_name": "", "is_staff": false, "is_active": true, "date_joined": "2016-08-20T17:15:35.973Z", "username": "julie75", "name": "Ann Mccoy", "email": "martha@yakijo.org", "avatar": "", "wechat": "virginia80", "phone": "", "enable_otp": false, "secret_key_otp": "", "role": 3, "private_key": "", "public_key": "", "comment": "Nulla facilisi.", "date_expired": "2086-08-03T17:15:35.973Z", "created_by": "jean74", "user_permissions": [], "groups": [79]}}, {"model": "users.user", "pk": 71, "fields": {"password": "pbkdf2_sha256$30000$V7MxBgeMjhA0$1sefJzBr1tRZgKVTGqMwZ22oebli1wfXxCctXBME9u4=", "last_login": null, "is_superuser": false, "first_name": "", "last_name": "", "is_staff": false, "is_active": true, "date_joined": "2016-08-20T17:15:36.080Z", "username": "robin85", "name": "Joan Jordan", "email": "andrea@buzzster.org", "avatar": "", "wechat": "lois77", "phone": "", "enable_otp": false, "secret_key_otp": "", "role": 1, "private_key": "", "public_key": "", "comment": "Vestibulum ante ipsum primis in faucibus orci luctus et ultrices posuere cubilia Curae; Mauris viverra diam vitae quam.", "date_expired": "2086-08-03T17:15:36.080Z", "created_by": "doris89", "user_permissions": [], "groups": [85]}}, {"model": "users.user", "pk": 72, "fields": {"password": "pbkdf2_sha256$30000$DdVQjKLr7haz$ZOqsFrjhCOKQZWwzF+efx4zyNRIo8WlLYZ02DzaonZM=", "last_login": null, "is_superuser": false, "first_name": "", "last_name": "", "is_staff": false, "is_active": true, "date_joined": "2016-08-20T17:15:36.192Z", "username": "lillian86", "name": "Kimberly Hanson", "email": "lillian@buzzster.mil", "avatar": "", "wechat": "sarah75", "phone": "", "enable_otp": false, "secret_key_otp": "", "role": 3, "private_key": "", "public_key": "", "comment": "Fusce lacus purus, aliquet at, feugiat non, pretium quis, lectus.", "date_expired": "2086-08-03T17:15:36.192Z", "created_by": "julie75", "user_permissions": [], "groups": [37]}}, {"model": "users.user", "pk": 73, "fields": {"password": "pbkdf2_sha256$30000$Ld1xMuByP9DM$2W9ZbBD5Jigy3YDc9YU/HCMeDLtXrXRVmIb/Ky8vfH4=", "last_login": null, "is_superuser": false, "first_name": "", "last_name": "", "is_staff": false, "is_active": true, "date_joined": "2016-08-20T17:15:36.306Z", "username": "tina87", "name": "Anne Sanders", "email": "nancy@bubblebox.net", "avatar": "", "wechat": "rebecca88", "phone": "", "enable_otp": false, "secret_key_otp": "", "role": 3, "private_key": "", "public_key": "", "comment": "Donec ut dolor.", "date_expired": "2086-08-03T17:15:36.306Z", "created_by": "wanda65", "user_permissions": [], "groups": [72]}}, {"model": "users.user", "pk": 74, "fields": {"password": "pbkdf2_sha256$30000$azpS1N0ZW2Lc$Iqg9dCHEnsxjMGKQKNrB179aDg0f6BXuR8GmW2xHpoU=", "last_login": null, "is_superuser": false, "first_name": "", "last_name": "", "is_staff": false, "is_active": true, "date_joined": "2016-08-20T17:15:36.404Z", "username": "shirley88", "name": "Martha Jones", "email": "andrea@jabberbean.biz", "avatar": "", "wechat": "kathleen68", "phone": "", "enable_otp": false, "secret_key_otp": "", "role": 2, "private_key": "", "public_key": "", "comment": "Proin eu mi.", "date_expired": "2086-08-03T17:15:36.404Z", "created_by": "lillian86", "user_permissions": [], "groups": [73]}}, {"model": "users.user", "pk": 75, "fields": {"password": "pbkdf2_sha256$30000$bB4TJS53KUqC$FD8IVuq4DpGh6C/TLWRR+3DgVZt6+ukOTerqEfIsRuY=", "last_login": null, "is_superuser": false, "first_name": "", "last_name": "", "is_staff": false, "is_active": true, "date_joined": "2016-08-20T17:15:36.514Z", "username": "mildred89", "name": "Janet Harper", "email": "kathy@trilith.gov", "avatar": "", "wechat": "stephanie93", "phone": "", "enable_otp": false, "secret_key_otp": "", "role": 2, "private_key": "", "public_key": "", "comment": "Proin risus.", "date_expired": "2086-08-03T17:15:36.515Z", "created_by": "denise66", "user_permissions": [], "groups": [29]}}, {"model": "users.user", "pk": 76, "fields": {"password": "pbkdf2_sha256$30000$7C6RZE2KgOqS$1Qxyk5mMvKow3Bb7I/4hQjFYT7DMbngVHN+QmcSfAJk=", "last_login": null, "is_superuser": false, "first_name": "", "last_name": "", "is_staff": false, "is_active": true, "date_joined": "2016-08-20T17:15:36.640Z", "username": "nancy93", "name": "Annie Hunter", "email": "donna@realbuzz.biz", "avatar": "", "wechat": "doris82", "phone": "", "enable_otp": false, "secret_key_otp": "", "role": 2, "private_key": "", "public_key": "", "comment": "In sagittis dui vel nisl.", "date_expired": "2086-08-03T17:15:36.640Z", "created_by": "lois74", "user_permissions": [], "groups": [89]}}, {"model": "users.user", "pk": 77, "fields": {"password": "pbkdf2_sha256$30000$tvBA1BMYP7AP$00smGcoXm90zBWyUb/GRd2vsw2Yk828XzS04mYcz/i0=", "last_login": null, "is_superuser": false, "first_name": "", "last_name": "", "is_staff": false, "is_active": true, "date_joined": "2016-08-20T17:15:36.735Z", "username": "joyce94", "name": "Jacqueline Williams", "email": "janice@twitterlist.org", "avatar": "", "wechat": "laura93", "phone": "", "enable_otp": false, "secret_key_otp": "", "role": 3, "private_key": "", "public_key": "", "comment": "Morbi ut odio.", "date_expired": "2086-08-03T17:15:36.735Z", "created_by": "patricia91", "user_permissions": [], "groups": [98]}}, {"model": "users.user", "pk": 78, "fields": {"password": "pbkdf2_sha256$30000$IHCwcZQmEeQw$BFrpulFcs8VrSSoD0y1BiAnQ9J8VuhSzM/dN6Qaa4VA=", "last_login": null, "is_superuser": false, "first_name": "", "last_name": "", "is_staff": false, "is_active": true, "date_joined": "2016-08-20T17:15:36.831Z", "username": "emily78", "name": "Donna Hamilton", "email": "michelle@topdrive.com", "avatar": "", "wechat": "nancy78", "phone": "", "enable_otp": false, "secret_key_otp": "", "role": 1, "private_key": "", "public_key": "", "comment": "Proin risus.", "date_expired": "2086-08-03T17:15:36.831Z", "created_by": "debra83", "user_permissions": [], "groups": [63]}}, {"model": "users.user", "pk": 79, "fields": {"password": "pbkdf2_sha256$30000$3J495Csv9KkM$mNJvPWNsmkM6l46ZtTE8fxIp9lJk9nRpFihQX0SP/z8=", "last_login": null, "is_superuser": false, "first_name": "", "last_name": "", "is_staff": false, "is_active": true, "date_joined": "2016-08-20T17:15:36.936Z", "username": "sara69", "name": "Rose Cox", "email": "rose@gabvine.mil", "avatar": "", "wechat": "deborah63", "phone": "", "enable_otp": false, "secret_key_otp": "", "role": 3, "private_key": "", "public_key": "", "comment": "Praesent blandit.", "date_expired": "2086-08-03T17:15:36.936Z", "created_by": "andrea82", "user_permissions": [], "groups": [60]}}, {"model": "users.user", "pk": 80, "fields": {"password": "pbkdf2_sha256$30000$wkemPpVV0VFH$i3F3S2OiwX8PuTgBRSwAM92qgtVP25+EMpgPJlKiGLc=", "last_login": null, "is_superuser": false, "first_name": "", "last_name": "", "is_staff": false, "is_active": true, "date_joined": "2016-08-20T17:15:37.035Z", "username": "amy72", "name": "Carol Hall", "email": "alice@flashpoint.org", "avatar": "", "wechat": "jessica73", "phone": "", "enable_otp": false, "secret_key_otp": "", "role": 2, "private_key": "", "public_key": "", "comment": "Fusce congue, diam id ornare imperdiet, sapien urna pretium nisl, ut volutpat sapien arcu sed augue.", "date_expired": "2086-08-03T17:15:37.035Z", "created_by": "tina87", "user_permissions": [], "groups": [55]}}, {"model": "users.user", "pk": 81, "fields": {"password": "pbkdf2_sha256$30000$4kbNgVPHkNFN$8C7YdoB0tCQvlDP0HhI8Ron4vLF9TwUrGTdyuy45UeY=", "last_login": null, "is_superuser": false, "first_name": "", "last_name": "", "is_staff": false, "is_active": true, "date_joined": "2016-08-20T17:15:37.127Z", "username": "emily64", "name": "Lisa Duncan", "email": "kathy@katz.edu", "avatar": "", "wechat": "deborah86", "phone": "", "enable_otp": false, "secret_key_otp": "", "role": 1, "private_key": "", "public_key": "", "comment": "Nulla ut erat id mauris vulputate elementum.", "date_expired": "2086-08-03T17:15:37.127Z", "created_by": "lois74", "user_permissions": [], "groups": [72]}}, {"model": "users.user", "pk": 82, "fields": {"password": "pbkdf2_sha256$30000$F6ecmh6GxPae$mKTg7roM6JVQ9QT+VDT8+S//wACwFFEBXrIBNORE8QM=", "last_login": null, "is_superuser": false, "first_name": "", "last_name": "", "is_staff": false, "is_active": true, "date_joined": "2016-08-20T17:15:37.235Z", "username": "maria65", "name": "Teresa Carpenter", "email": "joan@avavee.info", "avatar": "", "wechat": "shirley81", "phone": "", "enable_otp": false, "secret_key_otp": "", "role": 3, "private_key": "", "public_key": "", "comment": "In sagittis dui vel nisl.", "date_expired": "2086-08-03T17:15:37.235Z", "created_by": "betty82", "user_permissions": [], "groups": [5]}}, {"model": "users.user", "pk": 83, "fields": {"password": "pbkdf2_sha256$30000$4qVF0coIvGlT$kSHQOA5uSONjq8mp22FxMGnrQO30iFaufr9S464xTu4=", "last_login": null, "is_superuser": false, "first_name": "", "last_name": "", "is_staff": false, "is_active": true, "date_joined": "2016-08-20T17:15:37.395Z", "username": "bonnie82", "name": "Heather Hanson", "email": "norma@jatri.edu", "avatar": "", "wechat": "julie71", "phone": "", "enable_otp": false, "secret_key_otp": "", "role": 3, "private_key": "", "public_key": "", "comment": "Nulla tellus.", "date_expired": "2086-08-03T17:15:37.395Z", "created_by": "patricia91", "user_permissions": [], "groups": [50]}}, {"model": "users.user", "pk": 84, "fields": {"password": "pbkdf2_sha256$30000$zc7FEo9NO4MR$hujVAgKGTagEx7bW33k+CKfBKZ+cDSiP1eT0+AkpXxg=", "last_login": null, "is_superuser": false, "first_name": "", "last_name": "", "is_staff": false, "is_active": true, "date_joined": "2016-08-20T17:15:37.495Z", "username": "rose82", "name": "Kathy Hicks", "email": "mary@trudoo.name", "avatar": "", "wechat": "julia74", "phone": "", "enable_otp": false, "secret_key_otp": "", "role": 2, "private_key": "", "public_key": "", "comment": "Mauris enim leo, rhoncus sed, vestibulum sit amet, cursus id, turpis.", "date_expired": "2086-08-03T17:15:37.495Z", "created_by": "melissa77", "user_permissions": [], "groups": [60]}}, {"model": "users.user", "pk": 85, "fields": {"password": "pbkdf2_sha256$30000$5lsLm8wY4lKw$3R0prVr52P4d8jsNPztWuj3m0+5A99FAo453Fyl1WzA=", "last_login": null, "is_superuser": false, "first_name": "", "last_name": "", "is_staff": false, "is_active": true, "date_joined": "2016-08-20T17:15:37.595Z", "username": "jean91", "name": "Ann Payne", "email": "laura@jetpulse.com", "avatar": "", "wechat": "wanda87", "phone": "", "enable_otp": false, "secret_key_otp": "", "role": 1, "private_key": "", "public_key": "", "comment": "Curabitur convallis.", "date_expired": "2086-08-03T17:15:37.595Z", "created_by": "admin", "user_permissions": [], "groups": [44]}}, {"model": "users.user", "pk": 86, "fields": {"password": "pbkdf2_sha256$30000$XeZ8hQPZoP3U$5snMsTacBZDvwqzfQBAzeEg2FmQIXu8dhzmqpiGaG5I=", "last_login": null, "is_superuser": false, "first_name": "", "last_name": "", "is_staff": false, "is_active": true, "date_joined": "2016-08-20T17:15:37.691Z", "username": "diane90", "name": "Kathryn Fox", "email": "mary@vipe.name", "avatar": "", "wechat": "karen79", "phone": "", "enable_otp": false, "secret_key_otp": "", "role": 2, "private_key": "", "public_key": "", "comment": "Nullam varius.", "date_expired": "2086-08-03T17:15:37.691Z", "created_by": "nicole69", "user_permissions": [], "groups": [84]}}, {"model": "users.user", "pk": 87, "fields": {"password": "pbkdf2_sha256$30000$I6xFfThMoUhS$2NS9Hjt40lzSCGOdEEZ+PNQQJ08Ohv3L7EEQucp7Yx4=", "last_login": null, "is_superuser": false, "first_name": "", "last_name": "", "is_staff": false, "is_active": true, "date_joined": "2016-08-20T17:15:37.788Z", "username": "jean92", "name": "Christine Edwards", "email": "mary@demivee.name", "avatar": "", "wechat": "betty66", "phone": "", "enable_otp": false, "secret_key_otp": "", "role": 2, "private_key": "", "public_key": "", "comment": "Curabitur in libero ut massa volutpat convallis.", "date_expired": "2086-08-03T17:15:37.788Z", "created_by": "jessica90", "user_permissions": [], "groups": [29]}}, {"model": "users.user", "pk": 88, "fields": {"password": "pbkdf2_sha256$30000$GpUYT63QDdvp$RYQvBOqxHgLh4ujbFm4+n0THrlLFjglLMR7dHayimQA=", "last_login": null, "is_superuser": false, "first_name": "", "last_name": "", "is_staff": false, "is_active": true, "date_joined": "2016-08-20T17:15:37.907Z", "username": "stephanie77", "name": "Laura Hicks", "email": "cynthia@zoomzone.name", "avatar": "", "wechat": "jessica90", "phone": "", "enable_otp": false, "secret_key_otp": "", "role": 2, "private_key": "", "public_key": "", "comment": "Proin interdum mauris non ligula pellentesque ultrices.", "date_expired": "2086-08-03T17:15:37.907Z", "created_by": "denise66", "user_permissions": [], "groups": [89]}}, {"model": "users.user", "pk": 89, "fields": {"password": "pbkdf2_sha256$30000$Ic4YjC2MFqEy$rbg5p5wM5sr6vII2Vm2KD82wjgZ35yIRrOnhNK4APN8=", "last_login": null, "is_superuser": false, "first_name": "", "last_name": "", "is_staff": false, "is_active": true, "date_joined": "2016-08-20T17:15:38.061Z", "username": "jessica80", "name": "Catherine Howell", "email": "julie@avamm.biz", "avatar": "", "wechat": "kathy69", "phone": "", "enable_otp": false, "secret_key_otp": "", "role": 2, "private_key": "", "public_key": "", "comment": "Praesent lectus.", "date_expired": "2086-08-03T17:15:38.061Z", "created_by": "jean84", "user_permissions": [], "groups": [6]}}, {"model": "users.user", "pk": 90, "fields": {"password": "pbkdf2_sha256$30000$z2Hi7ijQWiqH$+tUyT7s8HG1sax80DM163oSz+T4oqYe+vUSW9zuQqSI=", "last_login": null, "is_superuser": false, "first_name": "", "last_name": "", "is_staff": false, "is_active": true, "date_joined": "2016-08-20T17:15:38.158Z", "username": "susan86", "name": "Diane Clark", "email": "julie@aivee.net", "avatar": "", "wechat": "christina69", "phone": "", "enable_otp": false, "secret_key_otp": "", "role": 2, "private_key": "", "public_key": "", "comment": "Fusce lacus purus, aliquet at, feugiat non, pretium quis, lectus.", "date_expired": "2086-08-03T17:15:38.158Z", "created_by": "jessica80", "user_permissions": [], "groups": [71]}}, {"model": "users.user", "pk": 91, "fields": {"password": "pbkdf2_sha256$30000$wiI0MvWcPCqX$CuEZicYLlkWNXzDXCEhmZahk3L1UzMaGEMAdg3j/A8U=", "last_login": null, "is_superuser": false, "first_name": "", "last_name": "", "is_staff": false, "is_active": true, "date_joined": "2016-08-20T17:15:38.251Z", "username": "brenda64", "name": "Sandra Martinez", "email": "nancy@shufflester.biz", "avatar": "", "wechat": "theresa75", "phone": "", "enable_otp": false, "secret_key_otp": "", "role": 3, "private_key": "", "public_key": "", "comment": "Curabitur convallis.", "date_expired": "2086-08-03T17:15:38.251Z", "created_by": "teresa91", "user_permissions": [], "groups": [101]}}, {"model": "users.user", "pk": 92, "fields": {"password": "pbkdf2_sha256$30000$QAexWBbhmW4V$5CfVu3bZG/jN9qFQTzD58/BsrLIyLLOa17q6VxfuRd4=", "last_login": null, "is_superuser": false, "first_name": "", "last_name": "", "is_staff": false, "is_active": true, "date_joined": "2016-08-20T17:15:38.343Z", "username": "marilyn90", "name": "Nicole Armstrong", "email": "brenda@miboo.org", "avatar": "", "wechat": "kathy75", "phone": "", "enable_otp": false, "secret_key_otp": "", "role": 1, "private_key": "", "public_key": "", "comment": "Ut tellus.", "date_expired": "2086-08-03T17:15:38.343Z", "created_by": "jean91", "user_permissions": [], "groups": [23]}}, {"model": "users.user", "pk": 93, "fields": {"password": "pbkdf2_sha256$30000$VdaIGfufUTgf$zu+FQtwFuagrebWMZkcG7YdVlaMVvIh8Tqxz81juq7Q=", "last_login": null, "is_superuser": false, "first_name": "", "last_name": "", "is_staff": false, "is_active": true, "date_joined": "2016-08-20T17:15:38.443Z", "username": "joyce77", "name": "Laura Nichols", "email": "mary@bluejam.mil", "avatar": "", "wechat": "cheryl79", "phone": "", "enable_otp": false, "secret_key_otp": "", "role": 2, "private_key": "", "public_key": "", "comment": "Donec ut dolor.", "date_expired": "2086-08-03T17:15:38.443Z", "created_by": "kathy77", "user_permissions": [], "groups": [66]}}, {"model": "users.user", "pk": 94, "fields": {"password": "pbkdf2_sha256$30000$ro5HqFCqZgSv$NN6Na+frdCebz/KFXzf1lDsCD6sWyqBAZRf8+p2CItI=", "last_login": null, "is_superuser": false, "first_name": "", "last_name": "", "is_staff": false, "is_active": true, "date_joined": "2016-08-20T17:15:38.541Z", "username": "margaret76", "name": "Cynthia Rice", "email": "joan@layo.gov", "avatar": "", "wechat": "cheryl92", "phone": "", "enable_otp": false, "secret_key_otp": "", "role": 1, "private_key": "", "public_key": "", "comment": "Morbi a ipsum.", "date_expired": "2086-08-03T17:15:38.541Z", "created_by": "jean91", "user_permissions": [], "groups": [74]}}, {"model": "users.user", "pk": 95, "fields": {"password": "pbkdf2_sha256$30000$0EaEHWrrM3uo$asOTqBL9LYtcNly7+bhMsJwiDxyXOZTRCnrrNeBwQeo=", "last_login": null, "is_superuser": false, "first_name": "", "last_name": "", "is_staff": false, "is_active": true, "date_joined": "2016-08-20T17:15:38.791Z", "username": "carolyn88", "name": "Anna Crawford", "email": "tina@tagfeed.gov", "avatar": "", "wechat": "nancy64", "phone": "", "enable_otp": false, "secret_key_otp": "", "role": 3, "private_key": "", "public_key": "", "comment": "Donec dapibus.", "date_expired": "2086-08-03T17:15:38.791Z", "created_by": "maria81", "user_permissions": [], "groups": [32]}}, {"model": "users.user", "pk": 96, "fields": {"password": "pbkdf2_sha256$30000$UTqkj883E7BU$SDY0VNQKxvIRaF8cPaxcGVlAkrTRyHnPVef5bpGzKhA=", "last_login": null, "is_superuser": false, "first_name": "", "last_name": "", "is_staff": false, "is_active": true, "date_joined": "2016-08-20T17:15:39.047Z", "username": "sarah65", "name": "Lois Ramos", "email": "alice@thoughtworks.name", "avatar": "", "wechat": "alice83", "phone": "", "enable_otp": false, "secret_key_otp": "", "role": 3, "private_key": "", "public_key": "", "comment": "Suspendisse potenti.", "date_expired": "2086-08-03T17:15:39.047Z", "created_by": "maria65", "user_permissions": [], "groups": [83]}}, {"model": "users.user", "pk": 97, "fields": {"password": "pbkdf2_sha256$30000$Seo1Zzpv15Fk$61FTveRIv3HSjzNoNcGVgKlHauikT6zhvCvqztzcOJ8=", "last_login": null, "is_superuser": false, "first_name": "", "last_name": "", "is_staff": false, "is_active": true, "date_joined": "2016-08-20T17:15:39.156Z", "username": "beverly68", "name": "Cynthia Mitchell", "email": "shirley@skiptube.info", "avatar": "", "wechat": "kelly68", "phone": "", "enable_otp": false, "secret_key_otp": "", "role": 1, "private_key": "", "public_key": "", "comment": "Pellentesque eget nunc.", "date_expired": "2086-08-03T17:15:39.156Z", "created_by": "melissa77", "user_permissions": [], "groups": [60]}}, {"model": "users.user", "pk": 98, "fields": {"password": "pbkdf2_sha256$30000$qGUVD5IaT6W3$XHKFPhg6QA68D0Oo2hvXAY5XgY8BYLigfXg+jtZstP4=", "last_login": null, "is_superuser": false, "first_name": "", "last_name": "", "is_staff": false, "is_active": true, "date_joined": "2016-08-20T17:15:39.267Z", "username": "judy75", "name": "Amy Allen", "email": "paula@skinix.net", "avatar": "", "wechat": "doris73", "phone": "", "enable_otp": false, "secret_key_otp": "", "role": 1, "private_key": "", "public_key": "", "comment": "In hac habitasse platea dictumst.", "date_expired": "2086-08-03T17:15:39.267Z", "created_by": "joyce77", "user_permissions": [], "groups": [81]}}, {"model": "users.role", "pk": 1, "fields": {"name": "Administrator", "date_added": "2016-08-20T17:03:42.631Z", "created_by": "System", "comment": "\u7ba1\u7406\u5458", "permissions": [16, 17, 18, 19, 20, 21, 10, 11, 12, 13, 14, 15, 22, 23, 24, 25, 26, 27, 28, 29, 30, 31, 32, 33, 1, 2, 3, 4, 5, 6, 7, 8, 9]}}, {"model": "users.role", "pk": 2, "fields": {"name": "User", "date_added": "2016-08-20T17:03:42.671Z", "created_by": "System", "comment": "\u7528\u6237", "permissions": []}}, {"model": "users.role", "pk": 3, "fields": {"name": "Auditor", "date_added": "2016-08-20T17:03:42.683Z", "created_by": "System", "comment": "\u5ba1\u8ba1\u5458", "permissions": []}}]